CASE_ID,ACCIDENT_YEAR,PROC_DATE,JURIS,COLLISION_DATE,COLLISION_TIME,OFFICER_ID,REPORTING_DISTRICT,DAY_OF_WEEK,CHP_SHIFT,POPULATION,CNTY_CITY_LOC,SPECIAL_COND,BEAT_TYPE,CHP_BEAT_TYPE,CITY_DIVISION_LAPD,CHP_BEAT_CLASS,BEAT_NUMBER,PRIMARY_RD,SECONDARY_RD,DISTANCE,DIRECTION,INTERSECTION,WEATHER_1,WEATHER_2,STATE_HWY_IND,CALTRANS_COUNTY,CALTRANS_DISTRICT,STATE_ROUTE,ROUTE_SUFFIX,POSTMILE_PREFIX,POSTMILE,LOCATION_TYPE,RAMP_INTERSECTION,SIDE_OF_HWY,TOW_AWAY,COLLISION_SEVERITY,NUMBER_KILLED,NUMBER_INJURED,PARTY_COUNT,PRIMARY_COLL_FACTOR,PCF_CODE_OF_VIOL,PCF_VIOL_CATEGORY,PCF_VIOLATION,PCF_VIOL_SUBSECTION,HIT_AND_RUN,TYPE_OF_COLLISION,MVIW,PED_ACTION,ROAD_SURFACE,ROAD_COND_1,ROAD_COND_2,LIGHTING,CONTROL_DEVICE,CHP_ROAD_TYPE,PEDESTRIAN_ACCIDENT,BICYCLE_ACCIDENT,MOTORCYCLE_ACCIDENT,TRUCK_ACCIDENT,NOT_PRIVATE_PROPERTY,ALCOHOL_INVOLVED,STWD_VEHTYPE_AT_FAULT,CHP_VEHTYPE_AT_FAULT,COUNT_SEVERE_INJ,COUNT_VISIBLE_INJ,COUNT_COMPLAINT_PAIN,COUNT_PED_KILLED,COUNT_PED_INJURED,COUNT_BICYCLIST_KILLED,COUNT_BICYCLIST_INJURED,COUNT_MC_KILLED,COUNT_MC_INJURED,PRIMARY_RAMP,SECONDARY_RAMP,LATITUDE,LONGITUDE,COUNTY,CITY,POINT_X,POINT_Y
82186492,2022,2023-10-02,1912,2022-10-16,1751,15509,,7,5,6,1912,0,0,0,,0,,"VICTORY BOULEVARD","VERDUGO AVENUE",0.00,,Y,A,-,N,,,,,,,,,,N,4,0,3,2,A,-,09,21801,A,N,D,C,A,A,H,-,B,A,0,,,,,Y,,A,01,0,0,3,0,0,0,0,0,0,"- ","- ",34.170558929443359,-118.31504058837891,"LOS ANGELES",BURBANK,-118.31507873535156,34.170570373535156
82186497,2022,2023-10-02,1912,2022-01-12,1910,15454,,3,5,6,1912,0,0,0,,0,,"HOLLYWOOD WAY","VICTORY BOULEVARD",30.00,N,N,A,-,N,,,,,,,,,,N,4,0,1,2,A,-,03,22350,,N,C,C,A,A,H,-,C,D,0,,,,,Y,,A,01,0,0,1,0,0,0,0,0,0,"- ","- ",34.184730529785156,-118.34915924072266,"LOS ANGELES",BURBANK,-118.34915924072266,34.184803009033203
82186499,2022,2023-10-02,1912,2022-01-04,1205,9542,,2,5,6,1912,0,0,0,,0,,"OLIVE AVENUE","FAIRVIEW STREET",0.00,,Y,A,-,N,,,,,,,,,,Y,4,0,2,2,A,-,09,21802,A,N,D,C,A,A,H,-,A,A,0,,,,,Y,,A,01,0,0,2,0,0,0,0,0,0,"- ","- ",34.156501770019531,-118.33441925048828,"LOS ANGELES",BURBANK,-118.33438873291016,34.156528472900391
82186500,2022,2023-10-02,1912,2022-01-04,1231,11832,,2,5,6,1912,0,0,0,,0,,"ALAMEDA AVENUE",GATEWAY,15.00,W,N,A,-,N,,,,,,,,,,Y,4,0,1,1,A,-,08,22107,,N,E,I,A,A,H,-,A,A,0,,,,,Y,,A,08,0,0,1,0,0,0,0,0,0,"- ","- ",,,"LOS ANGELES",BURBANK,,
82186503,2022,2023-10-02,1912,2022-02-03,1205,13377,,4,5,6,1912,0,0,0,,0,,"HOLLYWOOD WAY","RIVERSIDE DRIVE",0.00,,Y,A,-,N,,,,,,,,,,Y,3,0,1,4,A,-,09,21801,A,N,D,C,A,A,H,-,A,A,0,,,,,Y,,A,01,0,1,0,0,0,0,0,0,0,"- ","- ",,,"LOS ANGELES",BURBANK,-118.33979034423828,34.153003692626953
82186504,2022,2023-10-02,1912,2022-02-03,1543,12451,,4,5,6,1912,0,0,0,,0,,"ALAMEDA AVENUE","FREDERIC STREET",15.00,W,N,A,-,N,,,,,,,,,,N,4,0,1,2,A,-,08,22107,,N,B,C,A,A,H,-,A,A,0,,,,,Y,,-,"- ",0,0,1,0,0,0,0,0,0,"- ","- ",34.157779693603516,-118.32932281494141,"LOS ANGELES",BURBANK,-118.32918548583984,34.157875061035156
82186506,2022,2023-10-02,1912,2022-02-04,1534,9589,,5,5,6,1912,0,0,0,,0,,"KEYSTONE STREET","CHANDLER BOULEVARD",0.00,,Y,A,-,N,,,,,,,,,,N,4,0,1,2,A,-,09,21802,A,N,D,C,A,A,H,-,A,A,0,,,,,Y,,A,01,0,0,1,0,0,0,0,0,0,"- ","- ",,,"LOS ANGELES",BURBANK,-118.33234405517578,34.176853179931641
82186507,2022,2023-10-02,1912,2022-02-05,"800 ",15490,1912,6,5,6,1912,0,0,0,,0,,"GLENOAKS BOULEVARD","ANGELENO AVENUE",0.00,,Y,A,-,Y,,,,,,,,,,Y,4,0,1,2,A,-,09,21801,A,N,A,C,A,A,H,-,A,A,0,,,,,Y,,A,01,0,0,1,0,0,0,0,0,0,"- ","- ",34.182430267333984,-118.30522155761719,"LOS ANGELES",BURBANK,-118.30521392822266,34.182449340820312
82186508,2022,2023-10-02,1912,2022-02-05,1349,15508,1912,6,5,6,1912,0,0,0,,0,,"AMHERST DRIVE","3RD STREET",99.00,E,N,A,-,Y,,,,,,,,,,Y,4,0,3,2,A,-,09,21804,A,N,D,C,A,A,H,-,A,A,0,,,,,Y,,A,01,0,0,3,0,0,0,0,0,0,"- ","- ",34.191108703613281,-118.31999206542969,"LOS ANGELES",BURBANK,-118.31971740722656,34.191307067871094
82186509,2022,2023-10-02,1912,2022-02-06,1107,11822,BURBA,7,5,6,1912,0,0,0,,0,,"MARIPOSA STREET","BURBANK BOULEVARD (W)",0.00,,Y,A,-,N,,,,,,,,,,Y,3,0,3,3,A,-,09,21801,A,N,D,C,A,A,H,-,A,A,0,,,,,Y,,A,07,0,1,2,0,0,0,0,0,0,"- ","- ",34.182918548583984,-118.32582092285156,"LOS ANGELES",BURBANK,-118.32582092285156,34.182838439941406
82186510,2022,2023-10-03,1912,2022-01-04,1934,9393,,2,5,6,1912,0,0,0,,0,,"ALAMEDA AVENUE","CORDOVA STREET",87.00,E,N,A,-,Y,,,,,,,,,,Y,2,0,1,2,A,-,09,21801,A,N,D,C,A,A,H,-,C,A,0,,,Y,,Y,,A,01,1,0,0,0,0,0,0,0,1,"- ","- ",34.154388427734375,-118.33956146240234,"LOS ANGELES",BURBANK,-118.33908843994141,34.154563903808594
82186511,2022,2023-10-02,1912,2022-02-07,1352,13850,,1,5,6,1912,0,0,0,,0,,"MAGNOLIA BOULEVARD","BEACHWOOD DRIVE",0.00,,Y,A,-,N,,,,,,,,,,Y,4,0,1,2,A,-,12,22450,A,M,B,C,A,A,H,-,A,A,0,,,,,Y,,A,01,0,0,1,0,0,0,0,0,0,"- ","- ",,,"LOS ANGELES",BURBANK,-118.3245849609375,34.175422668457031
82186513,2022,2023-10-02,1912,2022-02-07,1438,9542,,1,5,6,1912,0,0,0,,0,,"GLENOAKS BOULEVARD","CYPRESS AVENUE",0.00,,Y,A,-,N,,,,,,,,,,Y,3,0,3,2,A,-,12,21453,A,N,D,C,A,A,H,-,A,A,0,,,,,Y,,A,01,0,1,2,0,0,0,0,0,0,"- ","- ",34.186611175537109,-118.31121063232422,"LOS ANGELES",BURBANK,-118.31114959716797,34.186779022216797
82186514,2022,2023-10-02,1912,2022-02-07,1723,13387,,1,5,6,1912,0,0,0,,0,,"OLIVE AVENUE","LAKESIDE DRIVE",0.00,,Y,A,-,N,,,,,,,,,,Y,4,0,1,2,A,-,09,21801,A,N,D,C,A,A,H,-,B,A,0,,,,,Y,,A,01,0,0,1,0,0,0,0,0,0,"- ","- ",34.145980834960938,-118.34107208251953,"LOS ANGELES",BURBANK,-118.34114074707031,34.145919799804688
82186515,2022,2023-10-02,1912,2022-02-07,1731,13850,,1,5,6,1912,0,0,0,,0,,"KENNETH ROAD","STANFORD ROAD",0.00,,Y,A,-,N,,,,,,,,,,N,3,0,1,2,A,-,09,21802,A,N,F,A,A,A,H,-,B,A,0,,,Y,,Y,,A,01,0,1,0,0,0,0,0,0,1,"- ","- ",,,"LOS ANGELES",BURBANK,-118.32099151611328,34.202178955078125
82186516,2022,2023-10-02,1912,2022-02-08,1125,13850,,2,5,6,1912,0,0,0,,0,,"FORD STREET","MAGNOLIA BOULEVARD",0.00,,Y,A,-,N,,,,,,,,,,N,4,0,1,2,A,-,11,21954,A,N,G,B,E,A,H,-,A,A,0,Y,,,,Y,,N,60,0,0,1,0,1,0,0,0,0,"- ","- ",,,"LOS ANGELES",BURBANK,-118.35607147216797,34.1649169921875
82186519,2022,2023-10-02,1912,2022-02-10,"655 ",9589,,4,5,6,1912,0,0,0,,0,,"GLENOAKS BOULEVARD","ALLEY NORTH OF MAGNOLIA BOULEVARD",168.00,N,N,A,-,N,,,,,,,,,,N,3,0,1,2,A,-,09,21804,A,F,D,C,A,A,H,-,A,D,0,,,Y,,Y,,A,01,0,1,0,0,0,0,0,0,1,"- ","- ",,,"LOS ANGELES",BURBANK,-118.29401397705078,34.174167633056641
82186520,2022,2023-10-03,1912,2022-01-10,1659,9589,,1,5,6,1912,0,0,0,,0,,"KEYSTONE STREET","OLIVE AVENUE",0.00,,Y,A,-,N,,,,,,,,,,N,4,0,1,2,A,-,10,21950,A,F,G,B,B,A,H,-,A,A,0,Y,,,,Y,,A,01,0,0,1,0,1,0,0,0,0,"- ","- ",34.164260864257812,-118.32621765136719,"LOS ANGELES",BURBANK,-118.32627105712891,34.164325714111328
82186521,2022,2023-10-02,1912,2022-02-10,2240,15407,,4,5,6,1912,0,0,0,,0,,"SAN FERNANDO BOULEVARD","VERDUGO AVENUE",0.00,,Y,A,-,N,,,,,,,,,,Y,4,0,3,2,A,-,12,21453,A,N,D,C,A,A,H,-,C,A,0,,,,,Y,,A,01,0,0,3,0,0,0,0,0,0,"- ","- ",34.178459167480469,-118.30580139160156,"LOS ANGELES",BURBANK,-118.30570983886719,34.178707122802734
82186522,2022,2023-10-02,1912,2022-02-11,1443,9589,,5,5,6,1912,0,0,0,,0,,"ALAMEDA AVENUE","REESE PLACE",20.00,W,N,A,-,N,,,,,,,,,,N,4,0,2,2,A,-,03,22350,,N,C,C,A,A,H,-,A,A,0,,,,,Y,,A,01,0,0,2,0,0,0,0,0,0,"- ","- ",,,"LOS ANGELES",BURBANK,-118.32003021240234,34.160930633544922
82186523,2022,2023-10-02,1912,2022-02-11,1510,15454,,5,5,6,1912,0,0,0,,0,,"BOB HOPE DRIVE","ALAMEDA AVENUE",50.00,S,N,A,-,N,,,,,,,,,,Y,4,0,3,3,A,-,03,22350,,N,C,C,A,A,H,-,A,D,0,,,,,Y,,A,01,0,0,3,0,0,0,0,0,0,"- ","- ",34.156841278076172,-118.33219909667969,"LOS ANGELES",BURBANK,-118.33219909667969,34.156734466552734
82186525,2022,2023-10-02,1912,2022-02-13,1510,14768,1912,7,5,6,1912,0,0,0,,0,00G,"RIVERSIDE DRIVE","ROSE STREET",0.00,,Y,A,-,N,,,,,,,,,,N,3,0,1,2,A,-,10,21950,C,N,G,B,B,A,H,-,A,A,0,Y,,,,Y,,A,07,0,1,0,0,1,0,0,0,0,"- ","- ",34.152210235595703,-118.34647369384766,"LOS ANGELES",BURBANK,-118.34647369384766,34.152229309082031
82186526,2022,2023-10-02,1912,2022-02-14,1207,9542,,1,5,6,1912,0,0,0,,0,,"VERDUGO AVENUE","PASS AVENUE",0.00,,Y,A,-,Y,,,,,,,,,,Y,3,0,2,3,A,-,12,21453,A,N,D,C,A,A,H,-,A,A,0,,,,,Y,,A,01,0,2,0,0,0,0,0,0,0,"- ","- ",34.159599304199219,-118.34786987304688,"LOS ANGELES",BURBANK,-118.34767913818359,34.159660339355469
82186527,2022,2023-10-02,1912,2022-02-14,1331,15509,,1,5,6,1912,0,0,0,,0,,"CEDAR AVENUE","VICTORY BOULEVARD (W)",337.00,E,N,A,-,N,,,,,,,,,,N,3,0,1,2,A,-,11,21954,A,N,G,B,D,A,H,-,A,D,0,Y,,,,Y,,N,60,0,1,0,0,1,0,0,0,0,"- ","- ",34.169048309326172,-118.31101989746094,"LOS ANGELES",BURBANK,-118.31029510498047,34.169719696044922
82186528,2022,2023-10-02,1912,2022-02-15,1342,13850,,2,5,6,1912,0,0,0,,0,,"OLIVE AVENUE","BEACHWOOD DRIVE",0.00,,Y,B,-,N,,,,,,,,,,Y,4,0,1,2,A,-,09,21802,A,N,D,C,A,A,H,-,A,A,0,,,,,Y,,A,01,0,0,1,0,0,0,0,0,0,"- ","- ",34.168899536132812,-118.32137298583984,"LOS ANGELES",BURBANK,-118.32142639160156,34.168914794921875
82186530,2022,2023-10-02,1912,2022-02-16,"817 ",13850,,3,5,6,1912,0,0,0,,0,,"VICTORY BOULEVARD","PALM AVENUE",88.00,N,N,A,-,N,,,,,,,,,,N,4,0,1,2,A,-,17,22517,,N,B,G,A,A,H,-,A,D,0,,Y,,,Y,,A,01,0,0,1,0,0,0,1,0,0,"- ","- ",34.175788879394531,-118.31755065917969,"LOS ANGELES",BURBANK,-118.31768798828125,34.175975799560547
82186532,2022,2023-10-02,1912,2022-02-17,1135,9393,,4,5,6,1912,0,0,0,,0,,"GLENOAKS BOULEVARD","BUENA VISTA STREET",0.00,,Y,A,-,N,,,,,,,,,,Y,4,0,1,1,A,-,03,22350,,N,E,I,A,A,H,-,A,A,0,,,,,Y,,A,01,0,0,1,0,0,0,0,0,0,"- ","- ",,,"LOS ANGELES",BURBANK,-118.33768463134766,34.204940795898438
82186533,2022,2023-10-02,1912,2022-01-05,1737,11832,,3,5,6,1912,0,0,0,,0,,"EMPIRE AVENUE","KEYSTONE STREET",0.00,,Y,A,-,N,,,,,,,,,,N,4,0,1,3,A,-,03,22350,,N,C,C,A,A,H,-,C,A,0,,,,,Y,,A,01,0,0,1,0,0,0,0,0,0,"- ","- ",,,"LOS ANGELES",BURBANK,-118.33411407470703,34.191844940185547
82186534,2022,2023-10-02,1912,2022-02-18,"745 ",9393,,5,5,6,1912,0,0,0,,0,,"VICTORY BOULEVARD","MAGNOLIA BOULEVARD",0.00,,Y,A,-,N,,,,,,,,,,N,3,0,1,2,A,-,10,21950,A,N,G,B,B,A,H,-,A,A,0,Y,,,,Y,,A,01,0,1,0,0,1,0,0,0,0,"- ","- ",,,"LOS ANGELES",BURBANK,-118.31842041015625,34.177482604980469
82186535,2022,2023-10-02,1912,2022-01-01,1748,14527,,6,5,6,1912,0,0,0,,0,,"MAGNOLIA BOULEVARD","EVERGREEN STREET",0.00,,Y,-,-,N,,,,,,,,,,Y,4,0,1,2,A,-,09,21801,A,N,D,C,A,A,H,-,C,D,0,,,,,Y,,A,01,0,0,1,0,0,0,0,0,0,"- ","- ",34.166130065917969,-118.35205841064453,"LOS ANGELES",BURBANK,-118.35210418701172,34.166179656982422
82186537,2022,2023-10-02,1912,2022-02-18,1445,15454,,5,5,6,1912,0,0,0,,0,,"PROVIDENCIA AVENUE","6TH STREET",100.00,E,N,A,-,N,,,,,,,,,,N,4,0,1,2,A,-,08,22107,,N,A,E,A,A,H,-,A,D,0,,,,,Y,,A,07,0,0,1,0,0,0,0,0,0,"- ","- ",34.181938171386719,-118.29889678955078,"LOS ANGELES",BURBANK,-118.29869842529297,34.182113647460938
82186538,2022,2023-10-02,1912,2022-01-05,1839,13209,,3,5,6,1912,0,0,0,,0,,"1ST STREET","ANGELENO AVENUE",0.00,,Y,A,-,N,,,,,,,,,,N,4,0,1,2,A,-,05,21460,A,N,D,C,A,A,H,-,C,A,0,,,Y,,Y,,A,07,0,0,1,0,0,0,0,0,1,"- ","- ",34.178741455078125,-118.30905914306641,"LOS ANGELES",BURBANK,-118.30895233154297,34.178913116455078
82186539,2022,2023-10-02,1912,2022-02-18,1842,12451,,5,5,6,1912,0,0,0,,0,,"SAN FERNANDO BOULEVARD","MARIA ST",960.00,E,N,A,-,Y,,,,,,,,,,Y,4,0,1,2,A,-,07,21658,A,N,B,C,A,A,H,-,A,B,0,,,,,Y,,A,07,0,0,1,0,0,0,0,0,0,"- ","- ",,,"LOS ANGELES",BURBANK,,
82186540,2022,2023-10-02,1912,2022-02-18,2043,13813,,5,5,6,1912,0,0,0,,0,,"RIVERSIDE DRIVE","RT 134 EBON/R (1)",0.00,,Y,A,-,N,,,,,,,,,,N,4,0,2,2,A,-,09,21801,A,F,D,C,A,A,H,-,C,D,0,,,,,Y,Y,A,01,0,0,2,0,0,0,0,0,0,"- ","- ",34.152698516845703,-118.34065246582031,"LOS ANGELES",BURBANK,-118.32645416259766,34.153549194335938
82186542,2022,2023-10-02,1912,2022-02-19,"440 ",15407,1912,6,5,6,1912,0,0,0,,0,,"BUENA VISTA STREET","GLENOAKS BOULEVARD",0.00,,Y,A,-,N,,,,,,,,,,N,4,0,2,2,A,-,01,23152,A,N,D,C,A,A,H,-,C,A,0,,,,,Y,Y,A,01,0,0,2,0,0,0,0,0,0,"- ","- ",34.204898834228516,-118.337646484375,"LOS ANGELES",BURBANK,-118.33768463134766,34.204940795898438
82186543,2022,2023-10-02,1912,2022-02-19,"821 ",14333,1912,6,5,6,1912,0,0,0,,0,00C,"OLIVE AVENUE","3RD STREET",0.00,,Y,A,-,N,,,,,,,,,,N,2,0,1,2,A,-,10,21952,,N,G,B,D,A,H,-,A,A,0,Y,,,Y,Y,Y,F,86,1,0,0,0,1,0,0,0,0,"- ","- ",34.182018280029297,-118.30745697021484,"LOS ANGELES",BURBANK,-118.34170532226562,34.147422790527344
82186544,2022,2023-10-02,1912,2022-02-19,1300,15490,1912,6,5,6,1912,0,0,0,,0,,"VICTORY BOULEVARD","BRIGHTON STREET",0.00,,Y,A,-,N,,,,,,,,,,N,3,0,1,1,A,-,08,22107,,N,E,I,A,A,H,-,A,D,0,,,Y,,Y,,C,02,0,1,0,0,0,0,0,0,1,"- ","- ",34.184520721435547,-118.33709716796875,"LOS ANGELES",BURBANK,-118.33712768554688,34.184574127197266
82186547,2022,2023-10-02,1912,2022-02-20,1857,14609,1912,7,5,6,1912,0,0,0,,0,I/J,"BURBANK BOULEVARD","SCREENLAND DRIVE",0.00,,Y,A,-,N,,,,,,,,,,Y,4,0,1,2,A,-,08,22107,,N,B,C,A,A,H,-,C,D,0,,,,,Y,,A,01,0,0,1,0,0,0,0,0,0,"- ","- ",34.174278259277344,-118.35140991210938,"LOS ANGELES",BURBANK,-118.35137176513672,34.174331665039062
82186548,2022,2023-10-02,1912,2022-02-21,1229,13377,,1,5,6,1912,0,0,0,,0,,"VERDUGO AVENUE","ROSEMARY LANE",0.00,,Y,B,-,N,,,,,,,,,,Y,4,0,2,2,A,-,09,21802,A,N,D,C,A,A,H,-,A,A,0,,,,,Y,,A,01,0,0,2,0,0,0,0,0,0,"- ","- ",,,"LOS ANGELES",BURBANK,-118.33779144287109,34.162956237792969
82186549,2022,2023-10-02,1912,2022-01-06,"844 ",13072,,4,5,6,1912,0,0,0,,0,,"HOLLYWOOD WAY","MAGNOLIA BOULEVARD",0.00,,Y,A,-,N,,,,,,,,,,N,3,0,1,2,A,-,11,21456,B,N,G,B,B,A,H,-,A,A,0,Y,,,,Y,,N,60,0,1,0,0,1,0,0,0,0,"- ","- ",,,"LOS ANGELES",BURBANK,-118.34701538085938,34.167869567871094
82186551,2022,2023-10-02,1912,2022-02-23,1735,15510,,3,5,6,1912,0,0,0,,0,,"GLENOAKS BOULEVARD","KENNETH ROAD",0.00,,Y,A,-,N,,,,,,,,,,N,4,0,1,2,A,-,09,21802,A,N,D,C,A,A,H,-,B,A,0,,,,,Y,,A,01,0,0,1,0,0,0,0,0,0,"- ","- ",34.205760955810547,-118.33982086181641,"LOS ANGELES",BURBANK,-118.33982086181641,34.205902099609375
82186552,2022,2023-10-02,1912,2022-02-24,"913 ",15510,,4,5,6,1912,0,0,0,,0,,"MAGNOLIA BOULEVARD","CORDOVA STREET",0.00,,Y,A,-,N,,,,,,,,,,Y,3,0,1,2,A,-,09,21802,A,N,D,C,A,A,H,-,A,A,0,,,,,Y,,A,01,0,1,0,0,0,0,0,0,0,"- ","- ",34.168140411376953,-118.34612274169922,"LOS ANGELES",BURBANK,-118.34600067138672,34.168201446533203
82186553,2022,2023-10-02,1912,2022-02-24,1524,15506,,4,5,6,1912,0,0,0,,0,,"SAN FERNANDO BOULEVARD","HOLLYWOOD WAY",0.00,,Y,A,-,N,,,,,,,,,,Y,4,0,1,2,A,-,08,22107,,N,D,C,A,A,H,-,A,A,0,,,,,Y,,A,01,0,0,1,0,0,0,0,0,0,"- ","- ",34.204170227050781,-118.34873199462891,"LOS ANGELES",BURBANK,-118.34880065917969,34.205318450927734
82186554,2022,2023-10-02,1912,2022-02-26,"406 ",15654,,6,5,6,1912,0,0,0,,0,,"BURBANK BOULEVARD","SAN FERNANDO BOULEVARD",385.00,W,N,A,-,N,,,,,,,,,,Y,4,0,1,2,A,-,12,21453,A,N,D,C,A,A,H,-,C,A,0,,,,,Y,,-,"- ",0,0,1,0,0,0,0,0,0,"- ","- ",34.186271667480469,-118.31606292724609,"LOS ANGELES",BURBANK,-118.31720733642578,34.185768127441406
82186555,2022,2023-10-02,1912,2022-02-26,1523,13813,,6,5,6,1912,0,0,0,,0,,"BURBANK BOULEVARD","EVERGREEN STREET (W)",0.00,,Y,A,-,N,,,,,,,,,,N,3,0,2,2,A,-,09,21802,A,N,D,C,A,A,H,-,A,D,0,,,,,Y,,A,01,0,1,1,0,0,0,0,0,0,"- ","- ",34.172901153564453,-118.3555908203125,"LOS ANGELES",BURBANK,-118.35556793212891,34.172908782958984
82186557,2022,2023-10-02,1912,2022-02-27,1456,14545,,7,5,6,1912,0,0,0,,0,,"KENNETH ROAD","PROVIDENCIA AVENUE",43.00,N,N,A,-,N,,,,,,,,,,Y,3,0,1,2,A,-,01,23152,A,N,A,E,A,A,H,-,A,A,0,,,,,Y,Y,A,01,0,1,0,0,0,0,0,0,0,"- ","- ",34.184051513671875,-118.29653930664062,"LOS ANGELES",BURBANK,-118.29656219482422,34.184329986572266
82186558,2022,2023-10-02,1912,2022-03-02,1825,13209,,3,5,6,1912,0,0,0,,0,,"BURBANK BOULEVARD","BRIGHTON STREET (W)",58.00,E,N,A,-,N,,,,,,,,,,N,4,0,1,3,A,-,03,22350,,N,C,C,A,A,H,-,C,A,0,,,,,Y,,A,01,0,0,1,0,0,0,0,0,0,"- ","- ",34.179050445556641,-118.33722686767578,"LOS ANGELES",BURBANK,-118.33704376220703,34.179100036621094
82186559,2022,2023-10-02,1912,2022-03-03,"731 ",12451,,4,5,6,1912,0,0,0,,0,,"LAMER STREET","MAGNOLIA BOULEVARD",130.00,S,N,A,-,N,,,,,,,,,,N,3,0,1,2,A,-,09,21804,A,N,D,G,A,A,H,-,A,D,0,,Y,,,Y,,A,07,0,1,0,0,0,0,1,0,0,"- ","- ",,,"LOS ANGELES",BURBANK,-118.32949066162109,34.173370361328125
82186560,2022,2023-10-02,1912,2022-03-03,1251,13377,,4,5,6,1912,0,0,0,,0,,"MAGNOLIA BOULEVARD","1ST STREET",60.00,W,N,A,-,N,,,,,,,,,,N,4,0,1,3,A,-,03,22350,,N,C,C,A,A,H,-,A,A,0,,,,,Y,,A,01,0,0,1,0,0,0,0,0,0,"- ","- ",,,"LOS ANGELES",BURBANK,-118.31313323974609,34.181758880615234
82186561,2022,2023-10-02,1912,2022-03-03,1340,15454,,4,5,6,1912,0,0,0,,0,,"MAGNOLIA BOULEVARD","SCREENLAND DRIVE",100.00,W,N,A,-,N,,,,,,,,,,N,4,0,2,3,A,-,03,22350,,N,C,C,A,A,H,-,A,D,0,,,,,Y,,A,01,0,0,2,0,0,0,0,0,0,"- ","- ",34.167530059814453,-118.34799194335938,"LOS ANGELES",BURBANK,-118.34829711914062,34.167442321777344
82186562,2022,2023-10-02,1912,2022-03-03,1715,12451,,4,5,6,1912,0,0,0,,0,,"OLIVE AVENUE","REESE PLACE",20.00,W,N,A,-,N,,,,,,,,,,N,4,0,1,2,A,-,09,21801,A,N,D,C,A,A,H,-,A,D,0,,,,,Y,,A,01,0,0,1,0,0,0,0,0,0,"- ","- ",34.1673583984375,-118.32298278808594,"LOS ANGELES",BURBANK,-118.32307434082031,34.167308807373047
82186564,2022,2023-10-02,1912,2022-03-05,1004,15626,1912,6,5,6,1912,0,0,0,,0,00I,"EMPIRE AVENUE","CLYBOURN AVENUE",8.00,W,N,A,-,N,,,,,,,,,,Y,4,0,2,1,A,-,03,22350,,N,E,I,A,A,H,-,A,D,0,,,,,Y,,A,01,0,0,2,0,0,0,0,0,0,"- ","- ",34.194358825683594,-118.36100769042969,"LOS ANGELES",BURBANK,-118.36105346679688,34.194667816162109
82186565,2022,2023-10-02,1912,2022-03-05,2132,15580,,6,5,6,1912,0,0,0,,0,,"KENNETH ROAD","SANTA ANITA AVENUE",0.00,,Y,A,-,N,,,,,,,,,,Y,4,0,1,2,A,-,09,21802,A,N,D,C,A,A,H,-,C,D,0,,,,,Y,,-,"- ",0,0,1,0,0,0,0,0,0,"- ","- ",34.184738159179688,-118.29749298095703,"LOS ANGELES",BURBANK,-118.29740905761719,34.184959411621094
82186566,2022,2023-10-02,1912,2022-01-07,1010,15454,,5,5,6,1912,0,0,0,,0,,"ALAMEDA AVENUE","SAN FERNANDO BOULEVARD",0.00,,Y,A,-,N,,,,,,,,,,Y,3,0,1,2,A,-,12,21453,A,N,D,C,A,A,H,-,A,A,0,,,,,Y,,A,07,0,1,0,0,0,0,0,0,0,"- ","- ",34.1744384765625,-118.29988861083984,"LOS ANGELES",BURBANK,-118.29988098144531,34.174423217773438
82186567,2022,2023-10-02,1912,2022-03-06,1057,15490,1912,7,5,6,1912,0,0,0,,0,,"GLENOAKS BOULEVARD","VALENCIA AVENUE",17.00,N,N,A,-,N,,,,,,,,,,N,4,0,2,2,A,-,03,22350,,N,C,C,A,A,H,-,A,D,0,,,,,Y,,A,01,0,0,2,0,0,0,0,0,0,"- ","- ",34.177349090576172,-118.29853057861328,"LOS ANGELES",BURBANK,-118.29849243164062,34.17742919921875
82186568,2022,2023-10-02,1912,2022-03-06,1600,15490,1912,7,5,6,1912,0,0,0,,0,,"GLENOAKS BOULEVARD","CYPRESS AVENUE",0.00,,Y,A,-,N,,,,,,,,,,Y,4,0,1,2,A,-,12,21453,A,N,D,C,A,A,H,-,A,A,0,,,,,Y,,A,01,0,0,1,0,0,0,0,0,0,"- ","- ",34.186611175537109,-118.31121063232422,"LOS ANGELES",BURBANK,-118.31114959716797,34.186779022216797
82186569,2022,2023-10-02,1912,2022-03-07,1252,15626,1912,1,5,6,1912,0,0,0,,0,00I,"HOLLYWOOD WAY","WINONA AVENUE",0.00,,Y,A,-,N,,,,,,,,,,Y,3,0,2,2,D,-,00,,,N,D,C,A,A,H,-,A,A,0,,,,,Y,,-,"- ",0,1,1,0,0,0,0,0,0,"- ","- ",34.199321746826172,-118.34883880615234,"LOS ANGELES",BURBANK,-118.34886932373047,34.199314117431641