CASE_ID,ACCIDENT_YEAR,PROC_DATE,JURIS,COLLISION_DATE,COLLISION_TIME,OFFICER_ID,REPORTING_DISTRICT,DAY_OF_WEEK,CHP_SHIFT,POPULATION,CNTY_CITY_LOC,SPECIAL_COND,BEAT_TYPE,CHP_BEAT_TYPE,CITY_DIVISION_LAPD,CHP_BEAT_CLASS,BEAT_NUMBER,PRIMARY_RD,SECONDARY_RD,DISTANCE,DIRECTION,INTERSECTION,WEATHER_1,WEATHER_2,STATE_HWY_IND,CALTRANS_COUNTY,CALTRANS_DISTRICT,STATE_ROUTE,ROUTE_SUFFIX,POSTMILE_PREFIX,POSTMILE,LOCATION_TYPE,RAMP_INTERSECTION,SIDE_OF_HWY,TOW_AWAY,COLLISION_SEVERITY,NUMBER_KILLED,NUMBER_INJURED,PARTY_COUNT,PRIMARY_COLL_FACTOR,PCF_CODE_OF_VIOL,PCF_VIOL_CATEGORY,PCF_VIOLATION,PCF_VIOL_SUBSECTION,HIT_AND_RUN,TYPE_OF_COLLISION,MVIW,PED_ACTION,ROAD_SURFACE,ROAD_COND_1,ROAD_COND_2,LIGHTING,CONTROL_DEVICE,CHP_ROAD_TYPE,PEDESTRIAN_ACCIDENT,BICYCLE_ACCIDENT,MOTORCYCLE_ACCIDENT,TRUCK_ACCIDENT,NOT_PRIVATE_PROPERTY,ALCOHOL_INVOLVED,STWD_VEHTYPE_AT_FAULT,CHP_VEHTYPE_AT_FAULT,COUNT_SEVERE_INJ,COUNT_VISIBLE_INJ,COUNT_COMPLAINT_PAIN,COUNT_PED_KILLED,COUNT_PED_INJURED,COUNT_BICYCLIST_KILLED,COUNT_BICYCLIST_INJURED,COUNT_MC_KILLED,COUNT_MC_INJURED,PRIMARY_RAMP,SECONDARY_RAMP,LATITUDE,LONGITUDE,COUNTY,CITY,POINT_X,POINT_Y
82186900,2022,2023-10-02,1912,2022-04-08,1548,12451,,5,5,6,1912,0,0,0,,0,,"EMPIRE AVENUE",AIRPORT,0.00,,Y,A,-,N,,,,,,,,,,Y,3,0,3,2,A,-,09,21801,A,N,D,C,A,A,H,-,A,A,0,,,,,Y,,A,01,0,2,1,0,0,0,0,0,0,"- ","- ",,,"LOS ANGELES",BURBANK,,
82186901,2022,2023-10-02,1912,2022-04-08,1950,13813,,5,5,6,1912,0,0,0,,0,,"HOLLYWOOD WAY","JEFFRIES AVENUE",102.00,S,N,A,-,N,,,,,,,,,,Y,2,0,2,3,A,-,01,23152,A,N,A,C,A,A,H,-,C,D,0,,,,,Y,,A,07,1,1,0,0,0,0,0,0,0,"- ","- ",34.1810302734375,-118.34929656982422,"LOS ANGELES",BURBANK,-118.3492431640625,34.180801391601562
82186903,2022,2023-10-02,1912,2022-04-09,2224,13813,BURBA,6,5,6,1912,0,0,0,,0,,"LAKESIDE DRIVE","ROSE STREET",62.00,E,N,A,-,N,,,,,,,,,,Y,4,0,1,2,A,-,01,23152,A,N,A,D,A,A,H,-,C,A,0,,,,,Y,Y,A,01,0,0,1,0,0,0,0,0,0,"- ","- ",34.145179748535156,-118.34306335449219,"LOS ANGELES",BURBANK,-118.34271240234375,34.145252227783203
82186905,2022,2023-10-02,1912,2022-04-10,1553,15491,,7,5,6,1912,0,0,0,,0,,"SUNSET CANYON DRIVE","PROVIDENCIA AVENUE",0.00,,Y,A,-,N,,,,,,,,,,N,3,0,1,2,A,-,12,22450,A,N,H,J,A,A,H,-,A,A,0,,Y,,,Y,,L,04,0,1,0,0,0,0,1,0,0,"- ","- ",34.188899993896484,-118.29161071777344,"LOS ANGELES",BURBANK,-118.29159545898438,34.188877105712891
82186906,2022,2023-10-02,1912,2022-04-10,1735,15484,,7,5,6,1912,0,0,0,,0,,"OLIVE AVENUE","NIAGARA STREET",0.00,,Y,A,-,N,,,,,,,,,,N,4,0,1,2,A,-,09,21804,A,N,A,C,A,A,H,-,A,D,0,,,,,Y,,A,01,0,0,1,0,0,0,0,0,0,"- ","- ",34.157268524169922,-118.33361053466797,"LOS ANGELES",BURBANK,-118.33366394042969,34.157241821289062
82186907,2022,2023-10-02,1912,2022-04-11,"830 ",13850,1912,1,5,6,1912,0,0,0,,0,,"HOLLYWOOD WAY","HEFFRON DRIVE",0.00,,Y,B,-,N,,,,,,,,,,N,3,0,1,2,A,-,09,21802,A,N,D,C,A,A,H,-,A,A,0,,,,,Y,,A,01,0,1,0,0,0,0,0,0,0,"- ","- ",,,"LOS ANGELES",BURBANK,-118.34111022949219,34.155727386474609
82186910,2022,2023-10-02,1912,2022-04-14,1706,13813,,4,5,6,1912,0,0,0,,0,,"SCOTT ROAD","GLENOAKS BOULEVARD",183.00,E,N,A,-,N,,,,,,,,,,N,3,0,1,2,A,-,11,21954,A,N,G,B,D,A,H,-,A,D,0,Y,,,,Y,,N,60,0,1,0,0,1,0,0,0,0,"- ","- ",34.196739196777344,-118.32479858398438,"LOS ANGELES",BURBANK,-118.32453918457031,34.196197509765625
82186913,2022,2023-10-02,1912,2022-04-14,2302,15490,1912,4,5,6,1912,0,0,0,,0,,"THORNTON AVENUE","NAOMI STREET",0.00,,Y,A,-,N,,,,,,,,,,Y,4,0,1,2,A,-,01,23152,B,N,D,C,A,A,H,-,C,D,0,,,,,Y,Y,A,01,0,0,1,0,0,0,0,0,0,"- ","- ",34.195549011230469,-118.34011840820312,"LOS ANGELES",BURBANK,-118.34013366699219,34.195552825927734
82186915,2022,2023-10-02,1912,2022-04-15,1225,11832,,5,5,6,1912,0,0,0,,0,,"3RD STREET","BURBANK BOULEVARD",0.00,,Y,A,-,N,,,,,,,,,,Y,3,0,6,4,A,-,09,21801,A,N,D,C,A,A,H,-,A,A,0,,,,,Y,,D,22,0,2,4,0,0,0,0,0,0,"- ","- ",,,"LOS ANGELES",BURBANK,-118.31484985351562,34.187435150146484
82186917,2022,2023-10-02,1912,2022-04-20,1007,13813,,3,5,6,1912,0,0,0,,0,,"LINCOLN STREET","EMPIRE AVENUE",253.00,N,N,B,-,N,,,,,,,,,,Y,4,0,1,4,A,-,21,22106,,N,B,E,A,A,H,-,A,D,0,,,,,Y,,A,01,0,0,1,0,0,0,0,0,0,"- ","- ",34.191719055175781,-118.33585357666016,"LOS ANGELES",BURBANK,-118.33579254150391,34.192573547363281
82186919,2022,2023-10-02,1912,2022-04-22,"858 ",11832,,5,5,6,1912,0,0,0,,0,,"BUENA VISTA STREET","VERDUGO AVENUE",0.00,,Y,A,-,N,,,,,,,,,,Y,4,0,2,2,A,-,09,21801,A,N,D,C,A,A,H,-,A,A,0,,,,,Y,,A,01,0,0,2,0,0,0,0,0,0,"- ","- ",,,"LOS ANGELES",BURBANK,-118.33145141601562,34.165069580078125
82186920,2022,2023-10-02,1912,2022-04-22,1522,15490,,5,5,6,1912,0,0,0,,0,,"OLIVE AVENUE","MYERS STREET",0.00,,Y,A,-,N,,,,,,,,,,Y,4,0,1,2,A,-,09,21802,A,N,D,C,A,A,H,-,A,A,0,,,,,Y,,A,07,0,0,1,0,0,0,0,0,0,"- ","- ",34.163490295410156,-118.3270263671875,"LOS ANGELES",BURBANK,-118.32712554931641,34.163532257080078
82186921,2022,2023-10-02,1912,2022-04-22,1723,9393,,5,5,6,1912,0,0,0,,0,,"OLIVE AVENUE","5TH STREET",0.00,,Y,B,-,N,,,,,,,,,,Y,4,0,4,2,A,-,12,22450,A,N,D,C,A,A,H,-,A,A,0,,,,,Y,,A,07,0,0,4,0,0,0,0,0,0,"- ","- ",34.184329986572266,-118.30500793457031,"LOS ANGELES",BURBANK,-118.30503082275391,34.184356689453125
82186923,2022,2023-10-02,1912,2022-04-23,1644,15490,,6,5,6,1912,0,0,0,,0,,"HOLLYWOOD WAY","WHITNALL HIGHWAY",17.00,S,N,A,-,N,,,,,,,,,,Y,3,0,1,2,C,-,18,,,N,A,E,A,A,H,-,A,D,0,,,,,Y,,-,"- ",0,1,0,0,0,0,0,0,0,"- ","- ",34.163681030273438,-118.34496307373047,"LOS ANGELES",BURBANK,-118.34488677978516,34.163566589355469
82186924,2022,2023-10-02,1912,2022-04-24,1335,12451,,7,5,6,1912,0,0,0,,0,,"EMPIRE AVENUE","BUENA VISTA STREET",5.00,E,N,A,-,N,,,,,,,,,,N,4,0,1,2,A,-,08,22107,,N,A,C,A,A,H,-,A,A,0,,,Y,,Y,,C,02,0,0,1,0,0,0,0,0,1,"- ","- ",34.191848754882812,-118.33802795410156,"LOS ANGELES",BURBANK,-118.3380126953125,34.191818237304688
82186925,2022,2023-10-02,1912,2022-04-25,"541 ",13387,,1,5,6,1912,0,0,0,,0,,"EMPIRE AVENUE","GRISMER AVENUE",365.00,W,N,A,-,N,,,,,,,,,,Y,4,0,1,1,A,-,08,22107,,N,E,I,A,A,H,-,C,A,0,,,,,Y,,A,08,0,0,1,0,0,0,0,0,0,"- ","- ",,,"LOS ANGELES",BURBANK,-118.326514,34.191575
82186926,2022,2023-10-02,1912,2022-04-26,"922 ",13813,,2,5,6,1912,0,0,0,,0,,"BUENA VISTA STREET","WINONA AVENUE",426.00,N,N,B,-,N,,,,,,,,,,N,4,0,1,2,A,-,09,21801,A,N,A,C,A,A,H,-,A,A,0,,,,,Y,,A,01,0,0,1,0,0,0,0,0,0,"- ","- ",34.199649810791016,-118.33786010742188,"LOS ANGELES",BURBANK,-118.33782196044922,34.200809478759766
82186927,2022,2023-10-02,1912,2022-04-28,1231,13377,,4,5,6,1912,0,0,0,,0,,"FRONT STREET","MAGNOLIA BOULEVARD",445.00,N,N,A,-,Y,,,,,,,,,,Y,1,1,1,2,A,-,03,22350,,N,D,C,A,A,H,-,A,D,0,,,,,Y,,A,01,1,0,0,0,0,0,0,0,0,"- ","- ",34.181568145751953,-118.31552886962891,"LOS ANGELES",BURBANK,-118.31502532958984,34.181495666503906
82186928,2022,2023-10-02,1912,2022-04-29,"453 ",14634,1912,5,5,6,1912,0,0,0,,0,E/F,"VICTORY BOULEVARD","CHESTNUT STREET",23.00,S,N,-,-,N,,,,,,,,,,N,2,0,1,2,A,-,10,21950,A,F,G,B,D,A,H,-,C,A,0,Y,,,,Y,,-,99,1,0,0,0,1,0,0,0,0,"- ","- ",34.182090759277344,-118.32063293457031,"LOS ANGELES",BURBANK,-118.32061004638672,34.181972503662109
82186930,2022,2023-10-02,1912,2022-04-29,1511,15490,,5,5,6,1912,0,0,0,,0,,"3RD STREET","ANGELENO AVENUE",0.00,,Y,A,-,N,,,,,,,,,,Y,3,0,3,2,A,-,12,21453,A,N,D,C,A,A,H,-,A,A,0,,,,,Y,,A,01,0,1,2,0,0,0,0,0,0,"- ","- ",34.181278228759766,-118.30644989013672,"LOS ANGELES",BURBANK,-118.30645751953125,34.181289672851562
82186932,2022,2023-10-02,1912,2022-04-30,2005,15490,,6,5,6,1912,0,0,0,,0,,"GLENOAKS BOULEVARD","ALAMEDA AVENUE",0.00,,Y,A,-,N,,,,,,,,,,N,3,0,1,2,A,-,10,21950,A,N,G,B,B,A,H,-,C,A,0,Y,,,,Y,,A,07,0,1,0,0,1,0,0,0,0,"- ","- ",34.176639556884766,-118.29756164550781,"LOS ANGELES",BURBANK,-118.29745483398438,34.176689147949219
82186933,2022,2023-10-02,1912,2022-04-30,2102,14527,,6,5,6,1912,0,0,0,,0,,"HOLLYWOOD WAY","VERDUGO AVENUE",5.00,N,N,A,-,N,,,,,,,,,,Y,3,0,2,1,A,-,03,22350,,F,E,I,A,A,H,-,C,A,0,,,,,Y,,A,01,0,2,0,0,0,0,0,0,0,"- ","- ",34.1610107421875,-118.34361267089844,"LOS ANGELES",BURBANK,-118.34364318847656,34.161022186279297
82186935,2022,2023-10-02,1912,2022-05-02,1725,13387,,1,5,6,1912,0,0,0,,0,,"AVON STREET","COHASSET STREET",20.00,S,N,A,-,N,,,,,,,,,,Y,3,0,1,1,A,-,08,22107,,N,E,I,A,A,H,-,A,D,0,,,,,Y,,A,07,0,1,0,0,0,0,0,0,0,"- ","- ",34.206619262695312,-118.34757232666016,"LOS ANGELES",BURBANK,-118.34763336181641,34.206573486328125
82186936,2022,2023-10-02,1912,2022-05-03,1641,13387,,2,5,6,1912,0,0,0,,0,,"ALAMEDA AVENUE","CHAVEZ STREET",384.00,E,N,A,-,N,,,,,,,,,,Y,4,0,2,2,A,-,08,22107,,N,D,C,A,A,H,-,A,D,0,,,,,Y,,A,01,0,0,2,0,0,0,0,0,0,"- ","- ",34.164478302001953,-118.31038665771484,"LOS ANGELES",BURBANK,-118.30955505371094,34.165245056152344
82186939,2022,2023-10-02,1912,2022-05-03,2007,15454,,2,5,6,1912,0,0,0,,0,,"HOLLYWOOD WAY","BURBANK BOULEVARD",0.00,,Y,A,-,N,,,,,,,,,,Y,3,0,1,2,A,-,09,21804,A,N,D,G,A,A,H,-,E,A,0,,Y,,,Y,,L,04,0,1,0,0,0,0,1,0,0,"- ","- ",34.174930572509766,-118.34944915771484,"LOS ANGELES",BURBANK,-118.34933471679688,34.17498779296875
82186940,2022,2023-10-02,1912,2022-05-04,"914 ",11832,,3,5,6,1912,0,0,0,,0,,"VERDUGO AVENUE","VARNEY STREET",180.00,W,N,A,-,N,,,,,,,,,,Y,3,0,1,2,A,-,08,22107,,N,B,C,A,A,H,-,A,D,0,,,,,Y,,A,07,0,1,0,0,0,0,0,0,0,"- ","- ",,,"LOS ANGELES",BURBANK,-118.31031036376953,34.174327850341797
82186941,2022,2023-10-02,1912,2022-05-04,1857,15490,,3,5,6,1912,0,0,0,,0,,"EMPIRE AVENUE",AIRPORT,0.00,,Y,A,-,N,,,,,,,,,,Y,4,0,2,2,A,-,03,22350,,N,C,C,A,A,H,-,A,A,0,,,,,Y,,A,01,0,0,2,0,0,0,0,0,0,"- ","- ",,,"LOS ANGELES",BURBANK,,
82186942,2022,2023-10-02,1912,2022-05-06,"904 ",13377,,5,5,6,1912,0,0,0,,0,,"HOLLYWOOD WAY","WHITNALL HIGHWAY",148.00,S,N,A,-,N,,,,,,,,,,Y,3,0,1,4,A,-,01,23152,G,N,B,E,A,A,H,-,A,D,0,,,,,Y,Y,A,01,0,1,0,0,0,0,0,0,0,"- ","- ",34.163681030273438,-118.34496307373047,"LOS ANGELES",BURBANK,-118.3447265625,34.163234710693359
82186946,2022,2023-10-02,1912,2022-05-09,"147 ",15259,,1,5,6,1912,0,0,0,,0,,"HOLLYWOOD WAY","VALHALLA DRIVE",228.00,N,N,A,-,N,,,,,,,,,,N,3,0,1,1,A,-,01,23152,G,N,E,I,A,A,H,-,C,D,0,,,,,Y,Y,A,01,0,1,0,0,0,0,0,0,0,"- ","- ",34.190799713134766,-118.34895324707031,"LOS ANGELES",BURBANK,-118.34898376464844,34.190803527832031
82186947,2022,2023-10-02,1912,2022-05-09,1054,13387,,1,5,6,1912,0,0,0,,0,,"MAGNOLIA BOULEVARD","1ST STREET",0.00,,Y,A,-,N,,,,,,,,,,Y,3,0,1,1,A,-,01,23152,B,N,E,I,A,A,H,-,A,A,0,,,,,Y,Y,A,01,0,1,0,0,0,0,0,0,0,"- ","- ",34.181728363037109,-118.31310272216797,"LOS ANGELES",BURBANK,-118.31300354003906,34.181884765625
82186948,2022,2023-10-02,1912,2022-05-09,1142,13387,,1,5,6,1912,0,0,0,,0,,"VANOWEN STREET","NAOMI STREET",0.00,,Y,A,-,N,,,,,,,,,,Y,4,0,1,1,A,-,08,22107,,N,E,J,A,A,H,-,A,D,0,,,,,Y,,A,07,0,0,1,0,0,0,0,0,0,"- ","- ",34.190059661865234,-118.34042358398438,"LOS ANGELES",BURBANK,-118.34041595458984,34.190128326416016
82186949,2022,2023-10-02,1912,2022-05-09,1745,15554,,1,5,6,1912,0,0,0,,0,,"5 N/B (GOLDEN STATE FWY) OFF RAMP","ALAMEDA AVENUE (N)",0.00,,Y,A,-,N,,,,,,,,,,N,4,0,1,2,A,-,03,22350,,N,B,C,A,A,H,-,A,A,0,,,Y,,Y,,A,01,0,0,1,0,0,0,0,0,1,"- ","- ",34.171150207519531,-118.30335998535156,"LOS ANGELES",BURBANK,,
82186950,2022,2023-10-02,1912,2022-05-09,2252,14339,,1,5,6,1912,0,0,0,,0,,"HOLLYWOOD WAY","WINONA AVENUE",0.00,,Y,A,-,N,,,,,,,,,,Y,3,0,2,2,A,-,09,21801,A,N,A,C,A,A,H,-,C,A,0,,,,,Y,,A,01,0,1,1,0,0,0,0,0,0,"- ","- ",34.199321746826172,-118.34883880615234,"LOS ANGELES",BURBANK,-118.34886932373047,34.199314117431641
82186951,2022,2023-10-02,1912,2022-05-10,1228,15664,,2,5,6,1912,0,0,0,,0,,"OLIVE AVENUE","7TH STREET",0.00,,Y,A,-,N,,,,,,,,,,N,4,0,1,2,A,-,09,21802,A,N,D,C,A,A,H,-,A,A,0,,,,,Y,,A,01,0,0,1,0,0,0,0,0,0,"- ","- ",34.186641693115234,-118.30255126953125,"LOS ANGELES",BURBANK,-118.30262756347656,34.186653137207031
82186952,2022,2023-10-02,1912,2022-05-10,1406,15554,,2,5,6,1912,0,0,0,,0,,"BURBANK BOULEVARD","LAMER STREET (W)",0.00,,Y,A,-,N,,,,,,,,,,Y,3,0,1,2,A,-,09,21802,A,N,D,C,A,A,H,-,A,A,0,,,,,Y,,A,01,0,1,0,0,0,0,0,0,0,"- ","- ",34.180339813232422,-118.33312225341797,"LOS ANGELES",BURBANK,-118.33306884765625,34.180435180664062
82186954,2022,2023-10-02,1912,2022-05-10,2050,15454,,2,5,6,1912,0,0,0,,0,,"CLYBOURN AVENUE","JEFFRIES AVENUE",80.00,N,N,A,-,N,,,,,,,,,,N,3,0,1,2,D,-,00,,,N,G,B,D,A,H,-,C,D,0,Y,,,,Y,,-,"- ",0,1,0,0,1,0,0,0,0,"- ","- ",34.181198120117188,-118.35915374755859,"LOS ANGELES",BURBANK,-118.35918426513672,34.181446075439453
82186955,2022,2023-10-02,1912,2022-05-11,1350,15554,,3,5,6,1912,0,0,0,,0,,"SAN JOSE AVENUE","KENNETH ROAD",145.00,W,N,A,-,N,,,,,,,,,,N,4,0,1,2,A,-,03,22350,,N,C,C,A,A,H,-,A,D,0,,,,,Y,,A,08,0,0,1,0,0,0,0,0,0,"- ","- ",34.190528869628906,-118.30536651611328,"LOS ANGELES",BURBANK,-118.30564117431641,34.190422058105469
82186956,2022,2023-10-02,1912,2022-05-12,1157,15664,,4,5,6,1912,0,0,0,,0,,"GLENOAKS BOULEVARD","PROVIDENCIA AVENUE",30.00,S,N,A,-,N,,,,,,,,,,N,2,0,1,2,A,-,11,21954,A,N,G,B,D,A,H,-,A,A,0,Y,,,,Y,,N,60,1,0,0,0,1,0,0,0,0,"- ","- ",34.179641723632812,-118.30133819580078,"LOS ANGELES",BURBANK,-118.30131530761719,34.179557800292969
82186961,2022,2023-10-02,1912,2022-05-13,1435,13377,,5,5,6,1912,0,0,0,,0,,"ALAMEDA AVENUE",GATEWAY,35.00,W,N,A,-,N,,,,,,,,,,N,4,0,1,3,A,-,07,21658,A,N,B,C,A,A,H,-,A,A,0,,,,,Y,,A,01,0,0,1,0,0,0,0,0,0,"- ","- ",,,"LOS ANGELES",BURBANK,,
82186962,2022,2023-10-02,1912,2022-05-14,1138,14329,,6,5,6,1912,0,0,0,,0,,"EMPIRE AVENUE","BUENA VISTA STREET",0.00,,Y,A,-,N,,,,,,,,,,Y,3,0,3,2,A,-,12,21453,A,N,D,C,A,A,H,-,A,A,0,,,,,Y,,A,01,0,2,1,0,0,0,0,0,0,"- ","- ",34.191848754882812,-118.33802795410156,"LOS ANGELES",BURBANK,-118.33802795410156,34.191818237304688
82186964,2022,2023-10-02,1912,2022-05-14,2258,15490,,6,5,6,1912,0,0,0,,0,,"VALENCIA AVENUE","GLENOAKS BOULEVARD",120.00,E,N,-,-,N,,,,,,,,,,N,4,0,1,3,A,-,09,21804,A,N,D,E,A,A,H,-,C,A,0,,,,,Y,,A,07,0,0,1,0,0,0,0,0,0,"- ","- ",34.177139282226562,-118.29863739013672,"LOS ANGELES",BURBANK,-118.29844665527344,34.177398681640625
82186965,2022,2023-10-02,1912,2022-05-15,1728,14527,,7,5,6,1912,0,0,0,,0,,"GLENOAKS BOULEVARD","ETON DRIVE",75.00,N,N,A,-,N,,,,,,,,,,N,3,0,1,1,A,-,03,22350,,N,F,A,A,A,H,-,A,A,0,,,Y,,Y,,C,02,0,1,0,0,0,0,0,0,1,"- ","- ",34.196628570556641,-118.32465362548828,"LOS ANGELES",BURBANK,-118.32489776611328,34.196811676025391
82186966,2022,2023-10-02,1912,2022-05-16,1217,13387,,1,5,6,1912,0,0,0,,0,,"SAN FERNANDO BOULEVARD","ELMWOOD AVENUE",0.00,,Y,A,-,N,,,,,,,,,,Y,4,0,1,2,A,-,09,21801,A,N,A,C,A,A,H,-,A,A,0,,,,,Y,,A,01,0,0,1,0,0,0,0,0,0,"- ","- ",34.175811767578125,-118.30181121826172,"LOS ANGELES",BURBANK,-118.30181121826172,34.175872802734375
82186968,2022,2023-10-02,1912,2022-05-16,2230,14243,,1,5,6,1912,0,0,0,,0,,"GLENOAKS BOULEVARD","VERDUGO AVENUE",0.00,,Y,A,-,N,,,,,,,,,,N,4,0,2,2,A,-,09,21801,A,N,D,C,A,A,H,-,C,A,0,,,,,Y,,A,01,0,0,2,0,0,0,0,0,0,"- ","- ",34.181041717529297,-118.30323791503906,"LOS ANGELES",BURBANK,-118.30320739746094,34.181011199951172
82186970,2022,2023-10-02,1912,2022-05-17,"840 ",15550,,2,5,6,1912,0,0,0,,0,,"GLENOAKS BOULEVARD","ORANGE GROVE AVENUE",0.00,,Y,B,-,N,,,,,,,,,,Y,4,0,2,2,A,-,12,21453,A,N,D,C,A,A,H,-,A,A,0,,,,,Y,,A,01,0,0,2,0,0,0,0,0,0,"- ","- ",34.183940887451172,-118.30728149414062,"LOS ANGELES",BURBANK,-118.30725860595703,34.183963775634766
82186972,2022,2023-10-02,1912,2022-05-17,1344,13813,,2,5,6,1912,0,0,0,,0,,"HOLLYWOOD WAY","AVON STREET",129.00,N,N,A,-,N,,,,,,,,,,N,3,0,1,2,A,-,07,21658,A,F,B,G,A,A,H,-,A,D,0,,Y,,,Y,Y,A,07,0,1,0,0,0,0,1,0,0,"- ","- ",34.193210601806641,-118.34890747070312,"LOS ANGELES",BURBANK,-118.34892272949219,34.193893432617188
82186974,2022,2023-10-02,1912,2022-05-19,1720,9393,,4,5,6,1912,0,0,0,,0,,"VERDUGO AVENUE","NAOMI STREET",130.00,E,N,A,-,N,,,,,,,,,,Y,4,0,1,3,A,-,03,22350,,N,C,C,A,A,H,-,A,D,0,,,,,Y,,A,08,0,0,1,0,0,0,0,0,0,"- ","- ",34.164390563964844,-118.33352661132812,"LOS ANGELES",BURBANK,-118.33316802978516,34.164508819580078
82186977,2022,2023-10-02,1912,2022-05-20,1740,15490,,5,5,6,1912,0,0,0,,0,,"HOLLYWOOD WAY","MAGNOLIA BOULEVARD",130.00,N,N,A,-,N,,,,,,,,,,N,4,0,1,2,A,-,09,21804,A,N,D,G,A,A,H,-,A,D,0,,Y,,,Y,,A,01,0,0,1,0,0,0,1,0,0,"- ","- ",34.167869567871094,-118.34697723388672,"LOS ANGELES",BURBANK,-118.34716796875,34.168201446533203
82186980,2022,2023-10-02,1912,2022-05-23,1144,13387,,1,5,6,1912,0,0,0,,0,,"HOLLYWOOD WAY","VERDUGO AVENUE",0.00,,Y,-,-,N,,,,,,,,,,N,4,0,1,2,A,-,12,21453,A,F,D,C,A,A,H,-,A,A,0,,,,,Y,,D,22,0,0,1,0,0,0,0,0,0,"- ","- ",34.1610107421875,-118.34361267089844,"LOS ANGELES",BURBANK,-118.34364318847656,34.1610107421875
82186981,2022,2023-10-02,1912,2022-05-23,1245,13813,,1,5,6,1912,0,0,0,,0,,"VERDUGO AVENUE","CORDOVA STREET",100.00,W,N,A,-,N,,,,,,,,,,N,3,0,2,3,A,-,08,22102,,N,D,E,A,A,H,-,A,D,0,,,,,Y,,A,01,0,1,1,0,0,0,0,0,0,"- ","- ",34.161380767822266,-118.34252166748047,"LOS ANGELES",BURBANK,-118.34284973144531,34.1612548828125
82186982,2022,2023-10-02,1912,2022-05-24,1355,13209,,2,5,6,1912,0,0,0,,0,,"HARVARD ROAD","6TH STREET",264.00,E,N,A,-,N,,,,,,,,,,N,4,0,1,2,A,-,09,21802,A,N,D,C,A,A,H,-,A,A,0,,,,,Y,,A,01,0,0,1,0,0,0,0,0,0,"- ","- ",34.189628601074219,-118.30975341796875,"LOS ANGELES",BURBANK,-118.30911254882812,34.190357208251953
82186983,2022,2023-10-02,1912,2022-05-25,1244,15454,,3,5,6,1912,0,0,0,,0,,"BURBANK BOULEVARD","HOLLYWOOD WAY",100.00,E,N,A,-,N,,,,,,,,,,N,4,0,2,2,A,-,03,22350,,M,C,C,A,A,H,-,A,D,0,,,,,Y,,-,99,0,0,2,0,0,0,0,0,0,"- ","- ",34.174930572509766,-118.34944915771484,"LOS ANGELES",BURBANK,-118.34903717041016,34.175090789794922
82186984,2022,2023-10-02,1912,2022-05-28,1002,15510,1912,6,5,6,1912,0,0,0,,0,00D,"GLENOAKS BOULEVARD","VERDUGO AVENUE",0.00,,Y,A,-,N,,,,,,,,,,Y,4,0,2,2,A,-,12,21453,A,N,D,C,A,A,H,-,A,A,0,,,,,Y,,A,01,0,0,2,0,0,0,0,0,0,"- ","- ",34.180828094482422,-118.30335235595703,"LOS ANGELES",BURBANK,-118.30320739746094,34.181011199951172
82186985,2022,2023-10-02,1912,2022-05-28,1055,15584,,6,5,6,1912,0,0,0,,0,,"VICTORY BOULEVARD","BURBANK BOULEVARD (W)",65.00,N,N,A,-,N,,,,,,,,,,Y,4,0,2,3,A,-,03,22350,,N,C,C,A,A,H,-,A,A,0,,,,,Y,,A,01,0,0,2,0,0,0,0,0,0,"- ","- ",34.183769226074219,-118.32327270507812,"LOS ANGELES",BURBANK,-118.32334899902344,34.183933258056641
82186986,2022,2023-10-02,1912,2022-05-29,1505,11822,BURBA,7,5,6,1912,0,0,0,,0,,"VICTORY BOULEVARD","NIAGARA STREET",0.00,,Y,A,-,N,,,,,,,,,,Y,4,0,1,4,A,-,03,22350,,N,C,C,A,A,H,-,A,A,0,,,,,Y,,A,07,0,0,1,0,0,0,0,0,0,"- ","- ",34.184608459472656,-118.3426513671875,"LOS ANGELES",BURBANK,-118.34261322021484,34.184665679931641
82186988,2022,2023-10-02,1912,2022-05-30,1754,11832,,1,5,6,1912,0,0,0,,0,,"CHANDLER BOULEVARD","LINCOLN STREET",0.00,,Y,A,-,N,,,,,,,,,,Y,3,0,4,2,A,-,09,21801,A,N,A,C,A,A,H,-,A,D,0,,,,,Y,,D,22,0,2,2,0,0,0,0,0,0,"- ","- ",,,"LOS ANGELES",BURBANK,-118.3343505859375,34.176177978515625
82186991,2022,2023-10-02,1912,2022-05-31,1730,13387,,2,5,6,1912,0,0,0,,0,,"KEYSTONE STREET","KENNETH ROAD",0.00,,Y,A,-,N,,,,,,,,,,N,4,0,2,2,D,-,00,,,N,D,C,A,A,H,-,A,A,0,,,,,Y,,-,"- ",0,0,2,0,0,0,0,0,0,"- ","- ",34.206451416015625,-118.33740234375,"LOS ANGELES",BURBANK,-118.33341979980469,34.206390380859375