CASE_ID,ACCIDENT_YEAR,PROC_DATE,JURIS,COLLISION_DATE,COLLISION_TIME,OFFICER_ID,REPORTING_DISTRICT,DAY_OF_WEEK,CHP_SHIFT,POPULATION,CNTY_CITY_LOC,SPECIAL_COND,BEAT_TYPE,CHP_BEAT_TYPE,CITY_DIVISION_LAPD,CHP_BEAT_CLASS,BEAT_NUMBER,PRIMARY_RD,SECONDARY_RD,DISTANCE,DIRECTION,INTERSECTION,WEATHER_1,WEATHER_2,STATE_HWY_IND,CALTRANS_COUNTY,CALTRANS_DISTRICT,STATE_ROUTE,ROUTE_SUFFIX,POSTMILE_PREFIX,POSTMILE,LOCATION_TYPE,RAMP_INTERSECTION,SIDE_OF_HWY,TOW_AWAY,COLLISION_SEVERITY,NUMBER_KILLED,NUMBER_INJURED,PARTY_COUNT,PRIMARY_COLL_FACTOR,PCF_CODE_OF_VIOL,PCF_VIOL_CATEGORY,PCF_VIOLATION,PCF_VIOL_SUBSECTION,HIT_AND_RUN,TYPE_OF_COLLISION,MVIW,PED_ACTION,ROAD_SURFACE,ROAD_COND_1,ROAD_COND_2,LIGHTING,CONTROL_DEVICE,CHP_ROAD_TYPE,PEDESTRIAN_ACCIDENT,BICYCLE_ACCIDENT,MOTORCYCLE_ACCIDENT,TRUCK_ACCIDENT,NOT_PRIVATE_PROPERTY,ALCOHOL_INVOLVED,STWD_VEHTYPE_AT_FAULT,CHP_VEHTYPE_AT_FAULT,COUNT_SEVERE_INJ,COUNT_VISIBLE_INJ,COUNT_COMPLAINT_PAIN,COUNT_PED_KILLED,COUNT_PED_INJURED,COUNT_BICYCLIST_KILLED,COUNT_BICYCLIST_INJURED,COUNT_MC_KILLED,COUNT_MC_INJURED,PRIMARY_RAMP,SECONDARY_RAMP,LATITUDE,LONGITUDE,COUNTY,CITY,POINT_X,POINT_Y
82192675,2023,2023-10-06,1912,2023-05-23,"830 ",15746,1912,2,5,6,1912,0,0,0,,0,,"VERDUGO AVENUE","LINCOLN STREET",0.00,,Y,B,-,N,,,,,,,,,,Y,3,0,1,2,A,-,09,21800,B,N,D,C,A,A,H,-,A,D,0,,,,,Y,,A,01,0,1,0,0,0,0,0,0,0,"- ","- ",34.165779113769531,-118.32935333251953,"LOS ANGELES",BURBANK,-118.329345703125,34.165809631347656
82192678,2023,2023-10-06,1912,2023-05-25,"846 ",13377,,4,5,6,1912,0,0,0,,0,,"BEL AIRE DRIVE","DELAWARE ROAD",0.00,,Y,A,B,N,,,,,,,,,,N,3,0,2,2,A,-,12,22450,A,N,D,C,A,A,H,-,A,A,0,,,,,Y,,A,01,0,1,1,0,0,0,0,0,0,"- ","- ",,,"LOS ANGELES",BURBANK,-118.30867767333984,34.197246551513672
82192679,2023,2023-10-06,1912,2023-05-25,1720,13813,,4,5,6,1912,0,0,0,,0,,"BUENA VISTA STREET","RIVERSIDE DRIVE",10.00,N,N,B,-,N,,,,,,,,,,N,4,0,1,2,A,-,02,22400,A,N,C,C,A,A,H,-,A,A,0,,,,,Y,,A,01,0,0,1,0,0,0,0,0,0,"- ","- ",,,"LOS ANGELES",BURBANK,-118.32619476318359,34.1541748046875
82192683,2023,2023-10-06,1912,2023-05-29,2218,15686,1912,1,5,6,1912,0,0,0,,0,00C,"GLENOAKS BOULEVARD","PALM AVENUE",0.00,,Y,A,-,N,,,,,,,,,,Y,3,0,2,2,A,-,08,22107,,N,B,C,A,A,H,-,C,D,0,,,,,Y,,A,01,0,2,0,0,0,0,0,0,0,"- ","- ",34.184661865234375,-118.30825042724609,"LOS ANGELES",BURBANK,-118.30824279785156,34.184673309326172
82192687,2023,2023-10-06,1912,2023-05-30,1312,13208,1912,2,5,6,1912,0,0,0,,0,,"GLENOAKS BOULEVARD","TUJUNGA AVENUE",0.00,,Y,B,-,N,,,,,,,,,,N,4,0,1,2,A,-,09,21801,A,N,D,C,A,A,H,-,A,D,0,,,,,Y,,A,01,0,0,1,0,0,0,0,0,0,"- ","- ",34.181751251220703,-118.30422210693359,"LOS ANGELES",BURBANK,-118.30422210693359,34.181747436523438
82192689,2023,2023-10-06,1912,2023-05-30,1515,9393,,2,5,6,1912,0,0,0,,0,,"BEACHWOOD DRIVE","MAGNOLIA BOULEVARD",130.00,N,N,B,-,N,,,,,,,,,,N,3,0,1,2,A,-,09,21804,A,N,D,C,A,A,H,-,A,D,0,,,Y,,Y,,C,03,0,1,0,0,0,0,0,0,1,"- ","- ",,,"LOS ANGELES",BURBANK,-118.32474517822266,34.175750732421875
82192691,2023,2023-10-06,1912,2023-05-31,"747 ",13850,,3,5,6,1912,0,0,0,,0,,"HOLLYWOOD WAY","AVON STREET",164.00,N,N,A,-,N,,,,,,,,,,Y,3,0,1,1,A,-,07,21658,A,N,E,I,A,A,H,-,A,D,0,,,,,Y,,A,07,0,1,0,0,0,0,0,0,0,"- ","- ",34.193149566650391,-118.34893798828125,"LOS ANGELES",BURBANK,-118.34892272949219,34.193988800048828
82192694,2023,2023-10-06,1912,2023-06-04,1831,15510,,7,5,6,1912,0,0,0,,0,,"ALAMEDA AVENUE","HOLLYWOOD WAY",0.00,,Y,A,-,N,,,,,,,,,,N,4,0,1,3,A,-,12,21453,A,N,D,C,A,A,H,-,A,A,0,,,,,Y,,A,01,0,0,1,0,0,0,0,0,0,"- ","- ",34.154140472412109,-118.34033203125,"LOS ANGELES",BURBANK,-118.34031677246094,34.154155731201172
82192696,2023,2023-10-06,1912,2023-06-04,2329,15509,1912,7,5,6,1912,0,0,0,,0,,"HOLLYWOOD WAY","THORNTON AVENUE",0.00,,Y,A,-,N,,,,,,,,,,Y,3,0,2,2,A,-,01,23153,A,N,B,C,A,A,H,-,C,A,0,,,,,Y,Y,D,23,0,2,0,0,0,0,0,0,0,"- ","- ",34.195598602294922,-118.34895324707031,"LOS ANGELES",BURBANK,-118.34892272949219,34.195697784423828
82192697,2023,2023-10-09,1912,2023-06-05,1010,13377,,1,5,6,1912,0,0,0,,0,,"LAKE STREET","ASH AVENUE (E)",30.00,N,N,B,-,N,,,,,,,,,,N,3,0,1,2,A,-,00,21760,A,F,B,G,A,A,H,-,A,D,0,,Y,,,Y,,A,01,0,1,0,0,0,0,1,0,0,"- ","- ",34.169948577880859,-118.30706024169922,"LOS ANGELES",BURBANK,-118.30713653564453,34.170284271240234
82193474,2023,2023-10-09,1912,2023-07-01,1259,15626,1912,6,5,6,1912,0,0,0,,0,00A,"GLENOAKS BOULEVARD","BRIGHTON STREET",0.00,,Y,A,-,N,,,,,,,,,,N,3,0,1,1,D,-,00,,,N,-,A,A,A,H,-,A,D,0,,,Y,,Y,,-,"- ",0,1,0,0,0,0,0,0,1,"- ","- ",34.204418182373047,-118.33660888671875,"LOS ANGELES",BURBANK,-118.33663177490234,34.204429626464844
82193476,2023,2023-10-09,1912,2023-06-03,1749,15490,,6,5,6,1912,0,0,0,,0,,"VICTORY BOULEVARD","PROVIDENCIA AVENUE",0.00,,Y,A,-,N,,,,,,,,,,Y,3,0,1,2,A,-,08,22107,,N,B,C,A,A,H,-,A,A,0,,,Y,,Y,,C,02,0,1,0,0,0,0,0,0,1,"- ","- ",,,"LOS ANGELES",BURBANK,-118.31189727783203,34.169635772705078
82193477,2023,2023-10-09,1912,2023-06-06,1456,13813,,2,5,6,1912,0,0,0,,0,,"ALAMEDA AVENUE","OMER LANE",113.00,E,N,B,-,N,,,,,,,,,,N,4,0,1,2,A,-,03,22350,,N,C,C,A,A,H,-,A,D,0,,,,,Y,,A,01,0,0,1,0,0,0,0,0,0,"- ","- ",34.167720794677734,-118.30693054199219,"LOS ANGELES",BURBANK,-118.30648803710938,34.16815185546875
82193479,2023,2023-10-09,1912,2023-06-09,1209,15454,,5,5,6,1912,0,0,0,,0,,"VERDUGO AVENUE","SCREENLAND DRIVE",80.00,W,N,A,-,N,,,,,,,,,,Y,4,0,1,2,A,-,09,21804,A,N,D,C,A,A,H,-,A,D,0,,,,,Y,,A,01,0,0,1,0,0,0,0,0,0,"- ","- ",34.160678863525391,-118.34464263916016,"LOS ANGELES",BURBANK,-118.34494018554688,34.160564422607422
82193480,2023,2023-10-09,1912,2023-06-09,1529,13208,,5,5,6,1912,0,0,0,,0,,"6TH STREET","WALNUT AVENUE",0.00,,Y,A,-,N,,,,,,,,,,Y,4,0,1,2,D,-,00,,,N,D,C,A,A,H,-,A,A,0,,,,,Y,,-,"- ",0,0,1,0,0,0,0,0,0,"- ","- ",34.191780090332031,-118.31266021728516,"LOS ANGELES",BURBANK,-118.31263732910156,34.191970825195312
82193481,2023,2023-10-09,1912,2023-06-09,1850,14849,,5,5,6,1912,0,0,0,,0,,"6TH STREET","CEDAR AVENUE",200.00,N,N,B,-,N,,,,,,,,,,N,4,0,1,2,A,-,21,22106,,N,D,C,A,A,H,-,A,D,0,,,,,Y,,D,72,0,0,1,0,0,0,0,0,0,"- ","- ",34.180980682373047,-118.2979736328125,"LOS ANGELES",BURBANK,-118.29837036132812,34.181529998779297
82193486,2023,2023-10-09,1912,2023-06-13,"810 ",9393,,2,5,6,1912,0,0,0,,0,,"ALAMEDA AVENUE","HOLLYWOOD WAY",0.00,,Y,B,-,N,,,,,,,,,,Y,4,0,1,2,A,-,12,21453,A,N,D,C,A,A,H,-,A,A,0,,,,,Y,,A,01,0,0,1,0,0,0,0,0,0,"- ","- ",,,"LOS ANGELES",BURBANK,-118.34031677246094,34.154155731201172
82193488,2023,2023-10-09,1912,2023-06-13,1115,9393,,2,5,6,1912,0,0,0,,0,,"OLIVE AVENUE","LAKE STREET",0.00,,Y,B,-,N,,,,,,,,,,Y,4,0,2,2,A,-,12,21453,A,N,D,C,A,A,H,-,A,A,0,,,,,Y,,A,01,0,0,2,0,0,0,0,0,0,"- ","- ",,,"LOS ANGELES",BURBANK,-118.31436920166016,34.175575256347656
82193490,2023,2023-10-09,1912,2023-06-15,1318,13850,,4,5,6,1912,0,0,0,,0,,"SAN FERNANDO BOULEVARD","SCOTT ROAD",0.00,,Y,B,-,N,,,,,,,,,,N,4,0,1,2,A,-,10,21950,A,N,G,B,B,A,H,-,A,A,0,Y,,,,Y,,A,01,0,0,1,0,1,0,0,0,0,"- ","- ",,,"LOS ANGELES",BURBANK,-118.32182312011719,34.190387725830078
82193491,2023,2023-10-09,1912,2023-06-15,2050,15454,,4,5,6,1912,0,0,0,,0,,"BONNYWOOD PLACE","ORANGE GROVE AVENUE",30.00,S,N,A,-,N,,,,,,,,,,N,4,0,2,2,A,-,03,22350,,N,C,D,A,A,H,-,A,D,0,,,,,Y,,D,22,0,0,2,0,0,0,0,0,0,"- ","- ",34.179550170898438,-118.31188201904297,"LOS ANGELES",BURBANK,-118.31174468994141,34.179649353027344
82193492,2023,2023-10-09,1912,2023-06-16,1414,13850,,5,5,6,1912,0,0,0,,0,,"OLIVE AVENUE","HOLLYWOOD WAY",0.00,,Y,A,-,N,,,,,,,,,,Y,3,0,3,2,A,-,09,21801,A,N,D,C,A,A,H,-,A,A,0,,,,,Y,,A,01,0,1,2,0,0,0,0,0,0,"- ","- ",34.151840209960938,-118.33950042724609,"LOS ANGELES",BURBANK,-118.33933258056641,34.1519775390625
82193493,2023,2023-10-09,1912,2023-06-17,1024,15482,,6,5,6,1912,0,0,0,,0,,"MAPLE STREET","CHANDLER BOULEVARD",129.00,S,N,A,-,N,,,,,,,,,,N,3,0,1,2,A,-,09,21804,A,N,D,G,A,A,H,-,A,D,0,,Y,,,Y,,A,01,0,1,0,0,0,0,1,0,0,"- ","- ",34.170448303222656,-118.35157012939453,"LOS ANGELES",BURBANK,-118.35149383544922,34.16986083984375
82193494,2023,2023-10-09,1912,2023-06-17,1229,15490,,6,5,6,1912,0,0,0,,0,,"VANOWEN STREET","HOLLYWOOD WAY",0.00,,Y,A,-,N,,,,,,,,,,Y,3,0,2,2,A,-,12,21453,A,N,B,C,A,A,H,-,A,A,0,,,,,Y,,A,07,0,1,1,0,0,0,0,0,0,"- ","- ",,,"LOS ANGELES",BURBANK,-118.34893798828125,34.191791534423828
82193495,2023,2023-10-09,1912,2023-06-17,1550,15490,,6,5,6,1912,0,0,0,,0,,"HOLLYWOOD WAY","THORNTON AVENUE",0.00,,Y,A,-,N,,,,,,,,,,Y,2,0,2,2,A,-,09,21801,A,N,A,C,A,A,H,-,A,A,0,,,,,Y,,A,01,1,1,0,0,0,0,0,0,0,"- ","- ",34.195598602294922,-118.34895324707031,"LOS ANGELES",BURBANK,-118.34892272949219,34.195697784423828
82193496,2023,2023-10-09,1912,2023-06-17,2047,15490,,6,5,6,1912,0,0,0,,0,,"EMPIRE AVENUE",AIRPORT,0.00,,Y,A,-,N,,,,,,,,,,Y,3,0,1,2,A,-,09,21801,A,N,D,C,A,A,H,-,C,A,0,,,,,Y,Y,A,07,0,1,0,0,0,0,0,0,0,"- ","- ",,,"LOS ANGELES",BURBANK,,
82193497,2023,2023-10-09,1912,2023-06-19,1915,15642,,1,5,6,1912,0,0,0,,0,,"PASS AVENUE","MAGNOLIA BOULEVARD",0.00,,Y,A,-,N,,,,,,,,,,N,3,0,1,2,A,-,10,21950,A,M,G,B,B,A,H,-,A,A,0,Y,,,,Y,,A,01,0,1,0,0,1,0,0,0,0,"- ","- ",34.166458129882812,-118.35104370117188,"LOS ANGELES",BURBANK,-118.35102081298828,34.166519165039062
82193498,2023,2023-10-09,1912,2023-06-20,"828 ",13377,,2,5,6,1912,0,0,0,,0,,"OLIVE AVENUE","BUENA VISTA STREET",0.00,,Y,A,-,N,,,,,,,,,,Y,3,0,2,3,A,-,12,21453,A,N,A,C,A,A,H,-,A,A,0,,,,,Y,,A,01,0,2,0,0,0,0,0,0,0,"- ","- ",,,"LOS ANGELES",BURBANK,-118.32955932617188,34.161148071289062
82193499,2023,2023-10-09,1912,2023-06-20,1826,14578,,2,5,6,1912,0,0,0,,0,,"ALAMEDA AVENUE","FLOWER STREET",0.00,,Y,A,-,N,,,,,,,,,,Y,3,0,2,2,A,-,01,23153,A,N,A,C,A,A,H,-,A,A,0,,,,,Y,Y,A,01,0,2,0,0,0,0,0,0,0,"- ","- ",34.171428680419922,-118.30303955078125,"LOS ANGELES",BURBANK,-118.30301666259766,34.171390533447266
82193500,2023,2023-10-09,1912,2023-06-08,1500,14023,,4,5,6,1912,0,0,0,,0,,"BUENA VISTA STREET","WINONA AVENUE",585.00,N,N,A,-,N,,,,,,,,,,N,2,0,1,2,A,-,10,21950,C,F,G,B,D,A,H,-,A,A,0,Y,,,,Y,,-,99,1,0,0,0,1,0,0,0,0,"- ","- ",34.199649810791016,-118.33786010742188,"LOS ANGELES",BURBANK,-118.33782196044922,34.201244354248047
82193501,2023,2023-10-09,1912,2023-06-22,"124 ",14023,,4,5,6,1912,0,0,0,,0,,"GLENOAKS BOULEVARD","LAMER STREET",193.00,S,N,A,-,N,,,,,,,,,,Y,2,0,1,2,A,-,03,22350,,M,A,E,A,A,H,-,C,D,0,,,,,Y,Y,A,01,1,0,0,0,0,0,0,0,0,"- ","- ",34.201789855957031,-118.33238220214844,"LOS ANGELES",BURBANK,-118.33189392089844,34.20159912109375
82193502,2023,2023-10-09,1912,2023-06-22,"849 ",13850,,4,5,6,1912,0,0,0,,0,,"CYPRESS AVENUE","KENNETH ROAD",140.00,W,N,B,-,N,,,,,,,,,,Y,2,0,1,2,A,-,17,22517,,N,B,E,A,A,H,-,A,D,0,,,,,Y,,A,07,1,0,0,0,0,0,0,0,0,"- ","- ",34.191219329833984,-118.30631256103516,"LOS ANGELES",BURBANK,-118.30654907226562,34.191085815429688
82193503,2023,2023-10-09,1912,2023-06-22,2020,15490,,4,5,6,1912,0,0,0,,0,,"OLIVE AVENUE","VICTORY BOULEVARD",0.00,,Y,A,-,N,,,,,,,,,,Y,4,0,1,2,A,-,12,21453,A,N,D,C,A,A,H,-,B,A,0,,,,,Y,,A,07,0,0,1,0,0,0,0,0,0,"- ","- ",,,"LOS ANGELES",BURBANK,-118.31652069091797,34.173530578613281
82193505,2023,2023-10-09,1912,2023-06-24,2048,15490,,6,5,6,1912,0,0,0,,0,,"OLIVE AVENUE","VERDUGO AVENUE",0.00,,Y,A,-,N,,,,,,,,,,Y,3,0,1,3,A,-,01,23152,A,N,A,C,A,A,H,-,C,A,0,,,,,Y,Y,A,01,0,1,0,0,0,0,0,0,0,"- ","- ",34.168228149414062,-118.32206726074219,"LOS ANGELES",BURBANK,-118.32212066650391,34.168228149414062
82193509,2023,2023-10-09,1912,2023-06-27,1633,13813,,2,5,6,1912,0,0,0,,0,,"5TH STREET","WALNUT AVENUE",0.00,,Y,A,-,N,,,,,,,,,,N,4,0,1,2,A,-,12,22450,A,N,D,C,A,A,H,-,A,A,0,,,,,Y,,A,01,0,0,1,0,0,0,0,0,0,"- ","- ",,,"LOS ANGELES",BURBANK,-118.31380462646484,34.190784454345703
82193510,2023,2023-10-09,1912,2023-06-28,"910 ",13377,,3,5,6,1912,0,0,0,,0,,"SAN FERNANDO BOULEVARD","ONTARIO STREET (S)",252.00,N,N,B,-,N,,,,,,,,,,Y,3,0,2,2,A,-,09,21801,A,N,D,C,A,A,H,-,A,D,0,,,,,Y,,A,08,0,1,1,0,0,0,0,0,0,"- ","- ",,,"LOS ANGELES",BURBANK,-118.34511566162109,34.203342437744141
82193512,2023,2023-10-09,1912,2023-06-28,1948,11832,,3,5,6,1912,0,0,0,,0,,"KENWOOD STREET","RIVERSIDE DRIVE",130.00,N,N,A,-,N,,,,,,,,,,Y,2,0,1,1,A,-,01,23152,A,N,E,I,A,A,H,-,B,D,0,,,,,Y,Y,A,01,1,0,0,0,0,0,0,0,0,"- ","- ",,,"LOS ANGELES",BURBANK,-118.34201049804688,34.152675628662109
82193513,2023,2023-10-09,1912,2023-06-29,"857 ",12451,,4,5,6,1912,0,0,0,,0,,"WINONA AVENUE","HOLLYWOOD WAY",0.00,,Y,B,-,N,,,,,,,,,,Y,3,0,3,3,A,-,09,21801,A,N,D,C,A,A,H,-,A,A,0,,,,,Y,,A,07,0,1,2,0,0,0,0,0,0,"- ","- ",,,"LOS ANGELES",BURBANK,-118.34886932373047,34.199314117431641
82193514,2023,2023-10-09,1912,2023-06-30,1544,12451,,5,5,6,1912,0,0,0,,0,,"VICTORY BOULEVARD","FREDERIC STREET",10.00,E,N,A,-,N,,,,,,,,,,Y,4,0,5,3,A,-,03,22350,,N,C,C,A,A,H,-,A,A,0,,,,,Y,,A,01,0,0,5,0,0,0,0,0,0,"- ","- ",,,"LOS ANGELES",BURBANK,-118.33939361572266,34.184619903564453
82193515,2023,2023-10-17,1912,2023-06-30,2252,13208,1912,5,5,6,1912,0,0,0,,0,,"VICTORY BOULEVARD","BUENA VISTA STREET",0.00,,Y,A,-,N,,,,,,,,,,Y,2,0,1,2,A,-,09,21801,A,N,A,C,A,A,H,-,C,A,0,,,Y,,Y,,A,01,1,0,0,0,0,0,0,0,1,"- ","- ",34.184539794921875,-118.33831787109375,"LOS ANGELES",BURBANK,-118.33834838867188,34.184600830078125
82193516,2023,2023-10-09,1912,2023-07-02,1445,15491,,7,5,6,1912,0,0,0,,0,,"ALAMEDA AVENUE","SHELTON STREET",555.00,E,N,A,-,N,,,,,,,,,,N,2,0,5,2,A,-,08,22108,,N,D,C,A,A,H,-,A,D,0,,,,,Y,,A,01,1,4,0,0,0,0,0,0,0,"- ","- ",34.162651062011719,-118.31491851806641,"LOS ANGELES",BURBANK,-118.31324768066406,34.163196563720703
82193517,2023,2023-10-09,1912,2023-07-04,1550,14481,,2,5,6,1912,0,0,0,,0,,"BURBANK BOULEVARD","HOLLYWOOD WAY",123.00,W,N,A,-,N,,,,,,,,,,N,2,0,1,2,A,-,03,22350,,N,D,C,A,A,H,-,A,D,0,,Y,,,Y,,M,91,1,0,0,0,0,0,1,0,0,"- ","- ",34.174930572509766,-118.34944915771484,"LOS ANGELES",BURBANK,-118.34971618652344,34.174858093261719
82193520,2023,2023-10-09,1912,2023-07-07,2109,14849,,5,5,6,1912,0,0,0,,0,,"3RD STREET","ORANGE GROVE AVENUE",0.00,,Y,A,-,N,,,,,,,,,,N,3,0,2,4,A,-,12,21453,A,N,D,C,B,A,H,-,C,A,0,Y,,,,Y,,A,01,0,1,1,0,2,0,0,0,0,"- ","- ",34.182781219482422,-118.30850219726562,"LOS ANGELES",BURBANK,-118.3084716796875,34.182792663574219
82193521,2023,2023-11-15,1912,2023-07-07,2335,15490,,5,5,6,1912,0,0,0,,0,,"SAN FERNANDO BOULEVARD","ELMWOOD AVENUE",107.00,S,N,A,-,N,,,,,,,,,,Y,3,0,3,2,A,-,03,22350,,F,C,C,A,A,H,-,C,A,0,,,,,Y,Y,A,01,0,3,0,0,0,0,0,0,0,"- ","- ",34.175628662109375,-118.30194854736328,"LOS ANGELES",BURBANK,-118.30155181884766,34.175670623779297
82193522,2023,2023-10-09,1912,2023-07-08,1935,14849,,6,5,6,1912,0,0,0,,0,,"BONNYWOOD PLACE","ORANGE GROVE AVENUE",0.00,,Y,A,-,N,,,,,,,,,,N,4,0,1,2,A,-,03,22350,,N,C,C,A,A,H,-,A,A,0,,,,,Y,,A,01,0,0,1,0,0,0,0,0,0,"- ","- ",34.179550170898438,-118.31188201904297,"LOS ANGELES",BURBANK,-118.31182098388672,34.179695129394531
82193523,2023,2023-10-09,1912,2023-07-10,"653 ",9393,,1,5,6,1912,0,0,0,,0,,"VICTORY BOULEVARD","NIAGARA STREET",65.00,E,N,A,-,N,,,,,,,,,,Y,4,0,1,2,A,-,07,21658,A,N,B,C,A,A,H,-,A,D,0,,,,,Y,,A,07,0,0,1,0,0,0,0,0,0,"- ","- ",34.184520721435547,-118.34268188476562,"LOS ANGELES",BURBANK,-118.34239196777344,34.184654235839844
82193524,2023,2023-10-09,1912,2023-07-11,1030,13813,,2,5,6,1912,0,0,0,,0,,"ALAMEDA AVENUE","FLOWER STREET",0.00,,Y,A,-,N,,,,,,,,,,N,4,0,3,3,A,-,09,21801,A,N,A,C,A,A,H,-,A,A,0,,,,,Y,,A,01,0,0,3,0,0,0,0,0,0,"- ","- ",,,"LOS ANGELES",BURBANK,-118.30301666259766,34.171390533447266
82193525,2023,2023-10-09,1912,2023-07-11,1645,13208,1912,2,5,6,1912,0,0,0,,0,,"BUENA VISTA STREET","VICTORY BOULEVARD",0.00,,Y,A,-,N,,,,,,,,,,N,3,0,2,2,A,-,09,21801,A,N,D,C,A,A,H,-,A,A,0,,,,,Y,,A,01,0,2,0,0,0,0,0,0,0,"- ","- ",34.184539794921875,-118.33831787109375,"LOS ANGELES",BURBANK,-118.33834838867188,34.184600830078125
82193526,2023,2023-10-09,1912,2023-07-11,1720,15454,,2,5,6,1912,0,0,0,,0,,"BUENA VISTA STREET","SAN FERNANDO BOULEVARD",15.00,S,N,A,-,N,,,,,,,,,,N,4,0,1,2,A,-,08,22100,A,N,B,C,A,A,H,-,A,D,0,,,,,Y,,A,01,0,0,1,0,0,0,0,0,0,"- ","- ",34.197761535644531,-118.33789825439453,"LOS ANGELES",BURBANK,-118.337890625,34.197860717773438
82193527,2023,2023-10-09,1912,2023-07-12,"950 ",15454,,3,5,6,1912,0,0,0,,0,,"BURBANK BOULEVARD","MYERS STREET (E)",0.00,,Y,A,-,N,,,,,,,,,,N,3,0,1,2,A,-,05,21650,1,N,D,G,A,A,H,-,A,D,0,,Y,,,Y,,L,04,0,1,0,0,0,0,1,0,0,"- ","- ",34.179779052734375,-118.33482360839844,"LOS ANGELES",BURBANK,-118.33493804931641,34.179805755615234
82193528,2023,2023-10-09,1912,2023-07-12,1539,13813,,3,5,6,1912,0,0,0,,0,,"GLENOAKS BOULEVARD","OLIVE AVENUE",0.00,,Y,A,-,N,,,,,,,,,,N,4,0,1,2,A,-,12,21453,A,N,D,C,A,A,H,-,A,A,0,,,,,Y,,A,01,0,0,1,0,0,0,0,0,0,"- ","- ",34.183181762695312,-118.30622863769531,"LOS ANGELES",BURBANK,-118.30626678466797,34.183223724365234
82193529,2023,2023-10-09,1912,2023-07-12,1552,13208,,3,5,6,1912,0,0,0,,0,,"VERDUGO AVENUE","IKEA WAY",233.00,W,N,A,-,N,,,,,,,,,,Y,3,0,2,2,A,-,08,22107,,N,B,C,A,A,H,-,A,D,0,,,,,Y,,A,01,0,1,1,0,0,0,0,0,0,"- ","- ",,,"LOS ANGELES",BURBANK,-118.30746459960938,34.176982879638672
82193531,2023,2023-10-09,1912,2023-07-13,1304,13208,1912,4,5,6,1912,0,0,0,,0,,"FLOWER STREET","PROVIDENCIA AVENUE",382.00,S,N,A,-,N,,,,,,,,,,N,3,0,1,2,A,-,06,21750,A,N,B,C,A,A,H,-,A,D,0,,,,,Y,,A,01,0,1,0,0,0,0,0,0,0,"- ","- ",34.174278259277344,-118.30702209472656,"LOS ANGELES",BURBANK,-118.30601501464844,34.173610687255859
82193532,2023,2023-10-09,1912,2023-07-13,1337,13850,,4,5,6,1912,0,0,0,,0,,"HOLLYWOOD WAY","VERDUGO AVENUE",0.00,,Y,A,-,N,,,,,,,,,,Y,4,0,1,3,A,-,12,21453,A,N,D,C,A,A,H,-,A,A,0,,,,,Y,,D,22,0,0,1,0,0,0,0,0,0,"- ","- ",,,"LOS ANGELES",BURBANK,-118.34364318847656,34.1610107421875
82193533,2023,2023-10-09,1912,2023-07-13,1542,13813,,4,5,6,1912,0,0,0,,0,,"VICTORY BOULEVARD","OLIVE AVENUE",97.00,S,N,A,-,N,,,,,,,,,,N,4,0,3,2,A,-,03,22350,,N,C,C,A,A,A,-,A,A,0,,,,,Y,,A,01,0,0,3,0,0,0,0,0,0,"- ","- ",34.173358917236328,-118.31662750244141,"LOS ANGELES",BURBANK,-118.31639862060547,34.173282623291016
82193536,2023,2023-10-09,1912,2023-07-15,1333,15506,,6,5,6,1912,0,0,0,,0,,"EMPIRE AVENUE","LINCOLN STREET",0.00,,Y,A,-,N,,,,,,,,,,N,4,0,1,2,A,-,09,21801,A,N,B,C,A,A,H,-,A,A,0,,,,,Y,,A,01,0,0,1,0,0,0,0,0,0,"- ","- ",34.191810607910156,-118.33582305908203,"LOS ANGELES",BURBANK,-118.33582305908203,34.191883087158203
82193538,2023,2023-10-09,1912,2023-07-16,"214 ",14849,,7,5,6,1912,0,0,0,,0,,"VICTORY BOULEVARD","CLYBOURN AVENUE (E)",0.00,,Y,A,-,N,,,,,,,,,,Y,3,0,1,1,A,-,01,23152,A,N,E,I,A,A,H,-,C,A,0,,,,,Y,Y,A,01,0,1,0,0,0,0,0,0,0,"- ","- ",34.184860229492188,-118.35984039306641,"LOS ANGELES",BURBANK,-118.35971832275391,34.184879302978516
82193541,2023,2023-10-09,1912,2023-07-19,1900,14768,1912,3,5,6,1912,0,0,0,,0,0IJ,"BUENA VISTA STREET","KITTRIDGE STREET",0.00,,Y,A,-,N,,,,,,,,,,Y,3,0,1,2,A,-,09,21804,A,N,D,C,A,A,H,-,A,D,0,,,,,Y,,A,01,0,1,0,0,0,0,0,0,0,"- ","- ",34.182758331298828,-118.33834838867188,"LOS ANGELES",BURBANK,-118.33838653564453,34.182727813720703
82193542,2023,2023-10-09,1912,2023-07-21,1324,15454,,5,5,6,1912,0,0,0,,0,,"PARKING LOT OF 1051 W BURBANK BLVD","VICTORY PL",175.00,W,N,A,-,N,,,,,,,,,,N,4,0,1,2,B,-,22,,,N,D,C,A,A,H,-,A,D,0,,,,,Y,,A,07,0,0,1,0,0,0,0,0,0,"- ","- ",,,"LOS ANGELES",BURBANK,,