CASE_ID,ACCIDENT_YEAR,PROC_DATE,JURIS,COLLISION_DATE,COLLISION_TIME,OFFICER_ID,REPORTING_DISTRICT,DAY_OF_WEEK,CHP_SHIFT,POPULATION,CNTY_CITY_LOC,SPECIAL_COND,BEAT_TYPE,CHP_BEAT_TYPE,CITY_DIVISION_LAPD,CHP_BEAT_CLASS,BEAT_NUMBER,PRIMARY_RD,SECONDARY_RD,DISTANCE,DIRECTION,INTERSECTION,WEATHER_1,WEATHER_2,STATE_HWY_IND,CALTRANS_COUNTY,CALTRANS_DISTRICT,STATE_ROUTE,ROUTE_SUFFIX,POSTMILE_PREFIX,POSTMILE,LOCATION_TYPE,RAMP_INTERSECTION,SIDE_OF_HWY,TOW_AWAY,COLLISION_SEVERITY,NUMBER_KILLED,NUMBER_INJURED,PARTY_COUNT,PRIMARY_COLL_FACTOR,PCF_CODE_OF_VIOL,PCF_VIOL_CATEGORY,PCF_VIOLATION,PCF_VIOL_SUBSECTION,HIT_AND_RUN,TYPE_OF_COLLISION,MVIW,PED_ACTION,ROAD_SURFACE,ROAD_COND_1,ROAD_COND_2,LIGHTING,CONTROL_DEVICE,CHP_ROAD_TYPE,PEDESTRIAN_ACCIDENT,BICYCLE_ACCIDENT,MOTORCYCLE_ACCIDENT,TRUCK_ACCIDENT,NOT_PRIVATE_PROPERTY,ALCOHOL_INVOLVED,STWD_VEHTYPE_AT_FAULT,CHP_VEHTYPE_AT_FAULT,COUNT_SEVERE_INJ,COUNT_VISIBLE_INJ,COUNT_COMPLAINT_PAIN,COUNT_PED_KILLED,COUNT_PED_INJURED,COUNT_BICYCLIST_KILLED,COUNT_BICYCLIST_INJURED,COUNT_MC_KILLED,COUNT_MC_INJURED,PRIMARY_RAMP,SECONDARY_RAMP,LATITUDE,LONGITUDE,COUNTY,CITY,POINT_X,POINT_Y
91768683,2022,2022-05-10,9575,2022-05-03,"335 ",022489,,2,3,6,1912,0,1,1,,2,051,"I-5 N/B (GOLDEN STATE FREEWAY)","W. BURBANK BLVD.",410.00,N,N,A,-,Y,,,5,,,,,,N,Y,4,0,4,2,A,-,03,22350,,N,C,C,A,A,H,-,C,D,0,,,,,Y,,A,01,0,0,4,0,0,0,0,0,0,"- ","- ",34.186168670654297,-118.31971740722656,"LOS ANGELES",BURBANK,-118.31957244873047,34.186515808105469
91770398,2022,2022-05-12,9575,2022-04-29,"640 ",018814,,5,1,6,1912,0,1,3,,2,044,"SR-134 E/B (VENTURA FREEWAY)","BUENA VISTA ST",1725.00,E,N,A,-,Y,,,134,,,,,,E,N,4,0,2,2,A,-,03,22350,,F,C,C,A,A,H,-,A,D,0,,,,Y,Y,,A,01,0,0,2,0,0,0,0,0,0,"- ","- ",34.155338287353516,-118.32002258300781,"LOS ANGELES",BURBANK,-118.31991577148438,34.154842376708984
91772135,2022,2022-05-16,9575,2022-05-09,1732,022526,,1,2,6,1912,0,1,1,,2,051,"I-5 N/B (GOLDEN STATE FREEWAY)","VERDUGO AVENUE",425.00,S,N,A,-,Y,,,5,,,,,,N,N,4,0,1,2,A,-,03,22350,,N,C,C,A,A,H,-,A,D,0,,,,,Y,,A,01,0,0,1,0,0,0,0,0,0,"- ","- ",34.175838470458984,-118.30706024169922,"LOS ANGELES",BURBANK,-118.30713653564453,34.175796508789062
91772136,2022,2022-05-16,9575,2022-05-07,"247 ",021712,,6,3,6,1912,0,1,3,,2,044,"SR-134 W/B (VENTURA FREEWAY)","S CALIFORNIA ST",10.00,W,N,A,-,Y,,,134,,,,,,W,Y,3,0,1,2,A,-,03,22350,,F,C,C,A,A,H,-,C,D,0,,,,,Y,,A,01,0,1,0,0,0,0,0,0,0,"- ","- ",34.152740478515625,-118.33541870117188,"LOS ANGELES",BURBANK,-118.33541107177734,34.15277099609375
91772144,2022,2022-10-17,9575,2022-05-09,1422,022526,,1,2,6,1912,0,1,1,,2,051,"I-5 N/B (GOLDEN STATE FREEWAY)","BURBANK BLVD.",1000.00,S,N,A,-,Y,,,5,,,,,,N,Y,4,0,1,3,A,-,03,22350,,N,C,C,A,A,H,-,A,D,0,,,,,Y,,-,32,0,0,1,0,0,0,0,0,0,"- ","- ",34.182880401611328,-118.31514739990234,"LOS ANGELES",BURBANK,-118.31517791748047,34.182861328125
91776143,2022,2022-05-19,9575,2022-05-08,2220,022781,,7,3,6,1912,0,1,1,,2,051,"I-5 S/B (GOLDEN STATE FREEWAY)","MAGNOLIA BOULEVARD",200.00,S,N,A,-,Y,,,5,,,,,,S,Y,2,0,8,2,A,-,08,22107,,N,C,E,A,A,H,-,C,D,0,,,,,Y,,A,01,4,4,0,0,0,0,0,0,0,"- ","- ",34.180561065673828,-118.31350708007812,"LOS ANGELES",BURBANK,-118.31355285644531,34.180515289306641
91777583,2022,2022-05-23,9575,2022-05-11,"815 ",022203,,3,1,6,1912,0,1,1,,2,051,"I-5 N/B (GOLDEN STATE FREEWAY)","OLIVE AVENUE",750.00,S,N,A,-,Y,,,5,,,,,,N,N,4,0,1,2,A,-,07,21658,A,N,B,C,A,A,H,-,A,D,0,,,,Y,Y,,G,25,0,0,1,0,0,0,0,0,0,"- ","- ",34.177780151367188,-118.30908203125,"LOS ANGELES",BURBANK,-118.30912017822266,34.177715301513672
91779216,2022,2022-05-24,9575,2022-05-19,"853 ",020902,,4,1,6,1912,0,1,1,,2,051,"I-5 S/B (GOLDEN STATE FREEWAY)","BURBANK BLVD",1100.00,S,N,A,-,Y,,,5,,,,,,S,N,4,0,2,2,A,-,03,22350,,N,C,C,A,A,H,-,A,D,0,,,,,Y,,A,07,0,0,2,0,0,0,0,0,0,"- ","- ",34.182891845703125,-118.31578826904297,"LOS ANGELES",BURBANK,-118.31552886962891,34.183052062988281
91783803,2022,2022-05-30,9575,2022-05-22,2150,022839,,7,2,6,1912,0,1,1,,2,051,"I-5 S/B (GOLDEN STATE FREEWAY)","BURBANK BOULEVARD",1478.00,N,N,A,-,Y,,,5,,,,,,S,Y,4,0,1,2,A,-,07,21658,A,N,B,C,A,A,H,-,C,D,0,,,,Y,Y,,A,08,0,0,1,0,0,0,0,0,0,"- ","- ",34.187831878662109,-118.32263946533203,"LOS ANGELES",BURBANK,-118.32258605957031,34.187904357910156
91790168,2022,2022-06-07,9575,2022-05-28,1455,022629,,6,2,6,1912,0,1,1,,2,051,"I-5 S/B (GOLDEN STATE FREEWAY)","BUENA VISTA STREET",1056.00,S,N,A,-,Y,,,5,,,,,,S,Y,4,0,2,2,A,-,03,22350,,N,C,C,A,D,H,-,A,D,0,,,,,Y,,A,01,0,0,2,0,0,0,0,0,0,"- ","- ",34.19696044921875,-118.33570098876953,"LOS ANGELES",BURBANK,-118.33567810058594,34.196987152099609
91790229,2022,2022-06-07,9575,2022-05-29,1930,022513,,7,2,6,1912,0,1,3,,2,044,"SR-134 W/B (VENTURA FREEWAY)","HOLLYWOOD WAY",20.00,E,N,A,-,Y,,,134,,,,,,W,Y,4,0,1,2,A,-,03,22350,,N,C,C,A,A,H,-,B,D,0,,,,,Y,,A,01,0,0,1,0,0,0,0,0,0,"- ","- ",34.153759002685547,-118.33995819091797,"LOS ANGELES",BURBANK,-118.3399658203125,34.153701782226562
91790946,2022,2022-06-08,9575,2022-05-29,1105,020251,,7,1,6,1912,0,1,1,,2,051,"I-5 N/B (GOLDEN STATE FREEWAY)","ALAMEDA AVE.",400.00,S,N,A,-,Y,,,5,,,,,,N,N,3,0,1,1,A,-,08,22107,,N,E,J,A,A,H,-,A,D,0,,,Y,,Y,,C,02,0,1,0,0,0,0,0,0,1,"- ","- ",34.168708801269531,-118.30203247070312,"LOS ANGELES",BURBANK,-118.30201721191406,34.168727874755859
91798677,2022,2022-06-20,9575,2022-06-09,"645 ",021344,,4,1,6,1912,0,1,1,,2,051,"I-5 S/B (GOLDEN STATE FREEWAY)","ALAMEDA AVENUE",180.00,N,N,B,-,Y,,,5,,,,,,S,Y,4,0,1,3,A,-,01,23152,A,N,B,C,A,A,H,-,A,D,0,,,,Y,Y,Y,A,07,0,0,1,0,0,0,0,0,0,"- ","- ",34.170631408691406,-118.30490112304688,"LOS ANGELES",BURBANK,-118.30490875244141,34.170616149902344
91800880,2022,2022-06-22,9575,2022-06-11,1345,022526,,6,1,6,1912,0,1,1,,2,051,"I-5 S/B (GOLDEN STATE FREEWAY)","COHASSET STREET",256.00,S,N,A,-,Y,,,5,,,,,,S,N,4,0,1,2,A,-,07,21658,A,N,F,A,A,A,H,-,A,D,0,,,Y,,Y,,A,01,0,0,1,0,0,0,0,0,1,"- ","- ",34.205841064453125,-118.34278869628906,"LOS ANGELES",BURBANK,-118.34280395507812,34.205829620361328
91801607,2022,2022-06-23,9575,2022-06-11,1813,022526,,6,2,6,1912,0,1,1,,2,051,"I-5 S/B (GOLDEN STATE FREEWAY)","BUENA VISTA STREET",783.00,S,N,A,-,Y,,,5,,,,,,S,N,2,0,4,1,A,-,08,22107,,N,F,A,A,A,H,-,A,D,0,,,,,Y,,A,07,1,0,3,0,0,0,0,0,0,"- ","- ",34.197059631347656,-118.33592987060547,"LOS ANGELES",BURBANK,-118.33588409423828,34.197128295898438
91801712,2022,2022-06-23,9575,2022-06-14,1330,020711,,2,1,6,1912,0,1,1,,2,051,"I-5 S/B (GOLDEN STATE FREEWAY)","BUENA VISTA ST",1000.00,S,N,A,-,Y,,,5,,,,,,S,N,4,0,4,2,A,-,03,22350,,N,C,C,A,A,H,-,A,D,0,,,,,Y,,A,01,0,0,4,0,0,0,0,0,0,"- ","- ",34.196941375732422,-118.33560943603516,"LOS ANGELES",BURBANK,-118.33560943603516,34.196941375732422
91804640,2022,2022-06-28,9575,2022-06-17,1610,020918,,5,2,6,1912,0,1,3,,2,044,"SR-134 W/B (VENTURA FREEWAY)","PASS AVE.",1056.00,W,N,A,-,Y,,,134,,,,,,W,N,4,0,2,2,A,-,07,21658,A,N,C,C,A,A,H,-,A,D,0,,,,,Y,,A,01,0,0,2,0,0,0,0,0,0,"- ","- ",34.153850555419922,-118.34854888916016,"LOS ANGELES",BURBANK,-118.34854888916016,34.153835296630859
91806657,2022,2022-06-30,9575,2022-06-18,1141,020702,,6,1,6,1912,0,1,1,,2,051,"I-5 N/B TO BUENA VISTA ST.","BUENA VISTA ST.",50.00,W,N,A,-,Y,,,5,,,,R,,N,N,4,0,1,1,A,-,03,22350,,N,E,I,A,A,H,-,A,D,0,,,Y,,Y,,C,02,0,0,1,0,0,0,0,0,1,"- ","- ",34.200759887695312,-118.33853149414062,"LOS ANGELES",BURBANK,-118.33853149414062,34.200759887695312
91806961,2022,2022-06-30,9575,2022-06-18,1335,022526,,6,1,6,1912,0,1,1,,2,051,"I-5 S/B (GOLDEN STATE FREEWAY)","COHASSET STREET",176.00,S,N,A,-,Y,,,,,,,,,,N,4,0,4,5,A,-,03,22350,,N,C,C,A,A,H,-,A,D,0,,,,Y,Y,,F,26,0,0,4,0,0,0,0,0,0,"- ","- ",35.206138610839844,-118.34306335449219,"LOS ANGELES",BURBANK,-118.34303283691406,34.206150054931641
91809228,2022,2022-07-04,9575,2022-06-22,1750,022513,,3,2,6,1912,0,1,3,,2,044,"SR-134 W/B (VENTURA FREEWAY)","RIVERSIDE DR.",1584.00,W,N,A,-,Y,,,134,,,,,,W,Y,4,0,2,4,A,-,03,22350,,N,C,C,A,A,H,-,A,D,0,,,,,Y,,A,01,0,0,2,0,0,0,0,0,0,"- ","- ",34.152778625488281,-118.33142852783203,"LOS ANGELES",BURBANK,-118.3314208984375,34.152725219726562
91810084,2022,2022-07-05,9575,2022-06-23,1715,020711,,4,2,6,1912,0,1,1,,2,051,"I-5 N/B (GOLDEN STATE FREEWAY)","BURBANK BLVD",300.00,S,N,A,-,Y,,,5,,,,,,N,N,4,0,1,2,A,-,03,22350,,N,C,C,A,A,H,-,A,D,0,,,,,Y,,A,01,0,0,1,0,0,0,0,0,0,"- ","- ",34.184730529785156,-118.31703948974609,"LOS ANGELES",BURBANK,-118.31681823730469,34.184974670410156
91816937,2022,2022-07-14,9575,2022-07-01,1925,021925,,5,2,6,1912,0,1,3,,2,044,"SR-134 E/B (VENTURA FREEWAY)","OLIVE AVENUE OVERCROSSING",220.00,E,N,A,-,Y,,,134,,,,,,E,Y,4,0,2,2,A,-,03,22350,,N,C,C,A,A,H,-,A,D,0,,,,,Y,,A,07,0,0,2,0,0,0,0,0,0,"- ","- ",34.152999877929688,-118.33690643310547,"LOS ANGELES",BURBANK,-118.33692169189453,34.152965545654297
91818694,2022,2022-07-18,9575,2022-07-06,1650,022946,,3,2,6,1912,0,1,1,,2,051,"I-5 N/B (GOLDEN STATE FREEWAY)","ALAMEDA AVENUE",800.00,N,N,A,-,Y,,,5,,,,,,N,Y,4,0,1,2,A,-,07,21658,A,N,B,2,A,A,H,-,A,D,0,,,,Y,Y,,A,07,0,0,1,0,0,0,0,0,0,"- ","- ",34.171928405761719,-118.30570220947266,"LOS ANGELES",BURBANK,-118.30571746826172,34.171920776367188
91818720,2022,2022-07-18,9575,2022-07-07,1740,022946,,4,2,6,1912,0,1,1,,2,051,"I-5 N/B (GOLDEN STATE FREEWAY)","ALAMEDA AVE",500.00,N,N,A,-,Y,,,5,,,,,,N,Y,4,0,3,3,A,-,03,22350,,N,C,C,A,A,H,-,A,D,0,,,,,Y,,A,01,0,0,3,0,0,0,0,0,0,"- ","- ",34.171630859375,-118.30548095703125,"LOS ANGELES",BURBANK,-118.30551147460938,34.171607971191406
91822093,2022,2022-07-21,9575,2022-07-10,1520,022526,,7,2,6,1912,0,1,1,,2,051,"I-5 N/B (GOLDEN STATE FREEWAY)","BURBANK BOULEVARD",1500.00,S,N,A,-,Y,,,5,,,,,,N,N,4,0,3,3,A,-,07,21658,A,N,B,C,A,A,H,-,A,D,0,,,,,Y,,A,01,0,0,3,0,0,0,0,0,0,"- ","- ",34.182220458984375,-118.31471252441406,"LOS ANGELES",BURBANK,-118.31474304199219,34.182197570800781
91823559,2022,2022-07-25,9575,2022-07-19,1300,018814,,2,1,6,1912,0,1,3,,2,044,"SR-134 E/B (VENTURA FREEWAY)","CLYBOURN AVE",75.00,E,N,A,-,Y,,,134,,,,,,E,N,4,0,2,2,A,-,07,21658,A,N,B,C,A,A,H,-,A,D,0,,,,Y,Y,,-,"- ",0,0,2,0,0,0,0,0,0,"- ","- ",34.153621673583984,-118.34895324707031,"LOS ANGELES",BURBANK,-118.34893798828125,34.153572082519531
91830287,2022,2022-08-01,9550,2022-07-25,1518,015382,,1,2,6,1912,0,1,S,,2,904,"STATE ROUTE 134 EASTBOUND","FOREST LAWN DRIVE",400.00,W,N,A,-,Y,,,,,,,,,,Y,3,0,1,2,A,-,03,22350,,N,C,C,A,A,H,-,A,D,0,,,,,Y,,J,49,0,1,0,0,0,0,0,0,0,"- ","- ",34.155929565429688,-118.30648803710938,"LOS ANGELES",BURBANK,-118.31214141845703,34.154579162597656
91835312,2022,2022-08-08,9575,2022-08-04,1749,022110,,4,2,6,1912,0,1,3,,2,044,"SR-134 W/B (VENTURA FREEWAY)","BOB HOPE DRIVE",315.00,W,N,A,-,Y,,,134,,,,,,W,Y,4,0,1,3,A,-,03,22350,,N,C,C,A,A,H,-,A,D,0,,,,,Y,,A,07,0,0,1,0,0,0,0,0,0,"- ","- ",34.1527099609375,-118.33145904541016,"LOS ANGELES",BURBANK,-118.33145904541016,34.152717590332031
91836027,2022,2022-08-09,9575,2022-07-28,"0   ",022651,,4,3,6,1912,0,1,1,,2,051,"I-5 S/B TO ALAMEDA AVE","ALAMDEA AVE.",275.00,N,N,A,-,Y,,,5,,,,R,,S,N,4,0,2,2,A,-,08,22107,,N,B,C,A,A,H,-,C,D,0,,,,,Y,,-,"- ",0,0,2,0,0,0,0,0,0,"- ","- ",34.170169830322266,-118.30580902099609,"LOS ANGELES",BURBANK,-118.30580902099609,34.170169830322266
91836935,2022,2022-08-10,9575,2022-07-30,"740 ",022939,,6,1,6,1912,0,1,3,,2,044,"SR-134 W/B (VENTURA FREEWAY)","RIVERSIDE DRIVE",425.00,E,N,B,-,Y,,,134,,,,,,W,Y,4,0,1,2,A,-,03,22350,,N,C,2,A,A,H,-,A,D,0,,,,Y,Y,,F,26,0,0,1,0,0,0,0,0,0,"- ","- ",34.153949737548828,-118.32530212402344,"LOS ANGELES",BURBANK,-118.32530212402344,34.153957366943359
91838078,2022,2022-08-11,9575,2022-07-31,"154 ",022477,,7,3,6,1912,0,1,1,,2,051,"INTERSTATE 5 S/B","COHASSET STREET",225.00,S,N,A,-,Y,,,5,,,,,,S,Y,4,0,1,2,A,-,03,22350,,N,B,C,A,A,H,-,C,D,0,,,,,Y,,A,01,0,0,1,0,0,0,0,0,0,"- ","- ",34.205921173095703,-118.34284973144531,"LOS ANGELES",BURBANK,-118.34285736083984,34.205913543701172
91838080,2022,2022-09-19,9575,2022-08-01,"800 ",021394,,1,1,6,1912,0,1,3,,2,044,"SR-134 W/B (VENTURA FREEWAY)","BUENA VISTA ST.",1500.00,E,N,A,-,Y,,,134,,,,,,W,Y,3,0,2,2,A,-,07,21658,A,N,D,C,A,A,H,-,A,D,0,,,,,Y,,A,01,0,1,1,0,0,0,0,0,0,"- ","- ",34.154850006103516,-118.32112121582031,"LOS ANGELES",BURBANK,-118.32111358642578,34.154804229736328
91838096,2022,2022-08-11,9575,2022-07-31,"155 ",022477,,7,3,6,1912,0,1,1,,2,051,"INTERSTATE 5 S/B","COHASSET STREET",225.00,S,N,A,-,Y,,,5,,,,,,S,Y,3,0,1,2,A,-,03,22350,,N,B,C,A,A,H,-,C,D,0,,,,,Y,,A,01,0,1,0,0,0,0,0,0,0,"- ","- ",34.205921173095703,-118.34284973144531,"LOS ANGELES",BURBANK,-118.34285736083984,34.205913543701172
91838102,2022,2022-08-11,9575,2022-07-31,"157 ",022477,,7,3,6,1912,0,1,1,,2,051,"INTERSTATE 5 S/B","COHASSET STREET",325.00,S,N,A,-,Y,,,5,,,,,,S,Y,2,0,1,2,A,-,03,22350,,N,D,C,A,A,H,-,C,D,0,,,,,Y,,D,22,1,0,0,0,0,0,0,0,0,"- ","- ",34.205669403076172,-118.34274291992188,"LOS ANGELES",BURBANK,-118.34270477294922,34.205692291259766
91843300,2022,2022-08-18,9575,2022-07-28,1535,022946,,4,2,6,1912,0,1,3,,2,044,"SR-134 E/B (VENTURA FREEWAY)","RIVERSIDE DRIVE",1200.00,E,N,A,-,Y,,,134,,,,,,E,Y,3,0,2,2,A,-,03,22350,,N,C,C,A,A,H,-,A,D,0,,,,,Y,,A,01,0,1,1,0,0,0,0,0,0,"- ","- ",34.15447998046875,-118.32200622558594,"LOS ANGELES",BURBANK,-118.32199859619141,34.154422760009766
91861112,2022,2022-09-09,9575,2022-08-28,1725,022502,,7,2,6,1912,0,1,1,,2,051,"I-5 N/B (GOLDEN STATE FREEWAY)","ALAMEDA AVENUE",100.00,N,N,A,-,Y,,,5,,,,,,N,N,4,0,1,2,A,-,03,22350,,M,C,C,A,A,H,-,A,D,0,,,,,Y,,-,99,0,0,1,0,0,0,0,0,0,"- ","- ",34.170650482177734,-118.30455780029297,"LOS ANGELES",BURBANK,-118.30458068847656,34.170623779296875
91864483,2022,2022-09-14,9575,2022-09-06,"700 ",022489,,2,1,6,1912,0,1,3,,2,044,"SR-134 W/B (VENTURA FREEWAY)","N. PASS AVE.",855.00,E,N,A,-,Y,,,134,,,,,,W,Y,2,0,2,2,A,-,08,22107,,N,C,C,A,A,H,-,A,D,0,,,Y,,Y,,C,02,1,0,1,0,0,0,0,0,1,"- ","- ",34.154029846191406,-118.34275054931641,"LOS ANGELES",BURBANK,-118.34274291992188,34.154064178466797
91867526,2022,2022-09-19,9575,2022-09-17,1240,021394,,6,1,6,1912,0,1,1,,2,051,"I-5 S/B FROM ALAMEDA AVE.","ALAMEDA AVE.",325.00,N,N,A,-,Y,,,5,,,,R,,S,N,4,0,1,2,A,-,21,22106,,N,C,C,A,A,H,-,A,A,0,,,,,Y,,A,01,0,0,1,0,0,0,0,0,0,"- ","- ",34.170738220214844,-118.305419921875,"LOS ANGELES",BURBANK,-118.305419921875,34.170738220214844
91872642,2022,2022-09-26,9575,2022-09-14,"820 ",021344,,3,1,6,1912,0,1,1,,2,051,"I-5 N/B (GOLDEN STATE FREEWAY)","ALLEN AVENUE",42.00,N,N,A,-,Y,,,5,,,,,,N,Y,2,0,1,2,A,-,08,22107,,N,D,2,A,A,H,-,A,D,0,,,Y,,Y,,A,01,1,0,0,0,0,0,0,0,1,"- ","- ",34.167591094970703,-118.300537109375,"LOS ANGELES",BURBANK,-118.30050659179688,34.167633056640625
91872812,2022,2022-09-26,9575,2022-09-14,"750 ",021344,,3,1,6,1912,0,1,1,,2,051,"I-5 S/B (GOLDEN STATE FREEWAY)","ALAMEDA AVENUE",1540.00,N,N,A,-,Y,,,5,,,,,,S,Y,4,0,2,4,A,-,07,21658,A,N,B,C,A,A,H,-,A,D,0,,,,,Y,,D,22,0,0,2,0,0,0,0,0,0,"- ","- ",34.174049377441406,-118.30666351318359,"LOS ANGELES",BURBANK,-118.30672454833984,34.174034118652344
91872816,2022,2022-09-26,9575,2022-09-16,1915,022513,,5,2,6,1912,0,1,3,,2,044,"SR-134 E/B (VENTURA FREEWAY)","OLIVE AVE.",190.00,E,N,A,-,Y,,,134,,,,,,E,N,4,0,2,3,A,-,03,22350,,N,C,C,A,A,H,-,C,D,0,,,,,Y,,A,01,0,0,2,0,0,0,0,0,0,"- ","- ",34.153060913085938,-118.33715057373047,"LOS ANGELES",BURBANK,-118.337158203125,34.153026580810547
91874590,2022,2022-09-27,9575,2022-09-20,1440,022526,,2,2,6,1912,0,1,1,,2,051,"I-5 S/B (GOLDEN STATE FREEWAY)","OLIVE AVENUE",30.00,N,N,A,-,Y,,,5,,,,,,S,N,4,0,1,3,A,-,03,22350,,N,C,C,A,A,H,-,A,D,0,,,,,Y,,A,01,0,0,1,0,0,0,0,0,0,"- ","- ",34.178901672363281,-118.31117248535156,"LOS ANGELES",BURBANK,-118.31120300292969,34.178852081298828
91879609,2022,2022-10-03,9575,2022-09-25,1410,022502,,7,2,6,1912,0,1,1,,2,051,"I-5 S/B (GOLDEN STATE FREEWAY)","EMPIRE AVENUE",200.00,S,N,A,-,Y,,,5,,,,,,S,N,4,0,1,2,A,-,07,21658,A,M,B,C,A,A,H,-,A,D,0,,,,,Y,,-,99,0,0,1,0,0,0,0,0,0,"- ","- ",34.191230773925781,-118.32716369628906,"LOS ANGELES",BURBANK,-118.32708740234375,34.191322326660156
91879639,2022,2022-10-03,9575,2022-09-28,1555,022502,,3,2,6,1912,0,1,3,,2,044,"SR-134 W/B (VENTURA FREEWAY)","OLIVE AVENUE",200.00,E,N,A,-,Y,,,134,,,,,,W,N,4,0,1,4,A,-,03,22350,,N,C,C,A,A,H,-,A,D,0,,,,,Y,,A,01,0,0,1,0,0,0,0,0,0,"- ","- ",34.153221130371094,-118.33733367919922,"LOS ANGELES",BURBANK,-118.33732604980469,34.153251647949219
91886175,2022,2022-10-10,9575,2022-09-19,1720,022582,,1,2,6,1912,0,1,1,,2,051,"I-5 S/B (GOLDEN STATE FREEWAY)","OLIVE AVENUE",180.00,S,N,A,-,Y,,,5,,,,,,S,N,4,0,2,2,A,-,07,21658,A,N,B,C,A,A,H,-,A,D,0,,,,,Y,,D,22,0,0,2,0,0,0,0,0,0,"- ","- ",34.178421020507812,-118.31044006347656,"LOS ANGELES",BURBANK,-118.31046295166016,34.178382873535156
91888217,2022,2022-10-12,9575,2022-10-04,1648,021006,,2,2,6,1912,0,1,3,,2,044,"SR-134 W/B (VENTURA FREEWAY)","THE CALIFORNIA ST. UNDERCROSSING",600.00,E,N,A,-,Y,,,134,,,,,,W,N,4,0,3,2,A,-,03,22350,,N,C,C,A,A,C,-,A,D,0,,,,,Y,,A,01,0,0,3,0,0,0,0,0,0,"- ","- ",34.152538299560547,-118.333251953125,"LOS ANGELES",BURBANK,-118.333251953125,34.152500152587891
91888833,2022,2022-10-12,9575,2022-09-30,1605,022513,,5,2,6,1912,0,1,1,,2,051,"I-5 S/B (GOLDEN STATE FREEWAY)","OLIVE AVE.",104.00,S,N,A,-,Y,,,5,,,,,,S,N,4,0,1,3,A,-,03,22350,,N,C,C,A,A,H,-,A,D,0,,,,,Y,,A,01,0,0,1,0,0,0,0,0,0,"- ","- ",34.178550720214844,-118.31069183349609,"LOS ANGELES",BURBANK,-118.31069946289062,34.178535461425781
91889263,2022,2022-10-13,9575,2022-07-18,1540,022526,,1,2,6,1912,0,1,1,,2,051,"I-5 S/B (GOLDEN STATE FREEWAY)","EMPIRE AVENUE",628.00,N,N,A,-,Y,,,5,,,,,,S,N,4,0,1,2,A,-,03,22350,,M,C,C,A,A,H,-,A,D,0,,,,,Y,,A,07,0,0,1,0,0,0,0,0,0,"- ","- ",34.193130493164062,-118.32952880859375,"LOS ANGELES",BURBANK,-118.32942962646484,34.193267822265625
91894376,2022,2022-10-19,9575,2022-09-09,2210,022946,,5,3,6,1912,0,1,1,,2,051,"I-5 S/B (GOLDEN STATE FREEWAY)","EMPIRE AVE",500.00,N,N,C,-,Y,,,5,,,,,,S,Y,3,0,2,2,A,-,03,22350,,F,C,C,A,B,H,-,C,D,0,,,,,Y,,-,99,0,1,1,0,0,0,0,0,0,"- ","- ",34.192951202392578,-118.32913970947266,"LOS ANGELES",BURBANK,-118.32908630371094,34.193012237548828
91903849,2022,2022-10-28,9575,2022-10-19,"304 ",022496,,3,3,6,1912,0,1,1,,2,051,"I-5 N/B (GOLDEN STATE FREEWAY)","EMPIRE AVENUE",140.00,N,N,A,-,Y,,,5,,,,,,N,N,3,0,1,1,A,-,01,23152,A,N,F,A,A,A,H,-,D,D,0,,,Y,,Y,Y,C,02,0,1,0,0,0,0,0,0,1,"- ","- ",34.192161560058594,-118.32749176025391,"LOS ANGELES",BURBANK,-118.32760620117188,34.192024230957031
91905012,2022,2022-10-31,9575,2022-10-19,"305 ",022084,,3,3,6,1912,0,1,1,,2,051,"I-5 N/B (GOLDEN STATE FREEWAY)","EMPIRE AVE.",240.00,N,N,A,-,Y,,,5,,,,,,N,Y,4,0,1,2,C,-,18,,,N,E,D,A,A,H,-,D,D,0,,,Y,,Y,,-,"- ",0,0,1,0,0,0,0,0,0,"- ","- ",34.192161560058594,-118.32749176025391,"LOS ANGELES",BURBANK,-118.32760620117188,34.192024230957031
91909668,2022,2022-11-04,9575,2022-10-25,"855 ",023072,,2,1,6,1912,0,1,1,,2,051,"I-5 S/B (GOLDEN STATE FREEWAY)","WINONA AVENUE",615.00,N,N,A,-,Y,,,5,,,,,,S,Y,3,0,2,5,A,-,03,22350,,N,C,2,A,A,H,-,A,D,0,,,,,Y,,A,01,0,1,1,0,0,0,0,0,0,"- ","- ",34.2010498046875,-118.33847808837891,"LOS ANGELES",BURBANK,-118.33920288085938,34.2005615234375